name,gender
اَبدَه,male
اَبیش,male
اَپروَند,male
اَپروَیژ,male
اَپیوه,male
اَترس,male
اَدرك,female
اَرتان,male
اَردویسور,female
اَرشَن,male
اَرشام,male
اَرشان,male
اَرشیت,female
اَشوداد,male
اَگومان,male
اَمُرداد,female
اَمِستریس,female
اَوَخشیا,male
اَوَرداد,male
اَوَركام,male
اَهنَوَد,male
اَهونَوَر,female
اُزیرن,male
اُشهن,male
اُورنگ,male
اُوژن,male
اِستاتیرا,female
اباذر,male
ابالفضل,male
ابتسام,female
ابتهاج,male
ابتهاش,male
ابتین,male
ابرارها,male
ابراهیم,male
ابریشم,female
ابناس,female
ابوالحسن,male
ابوالحسین,male
ابوالعباس,male
ابوالعلا,male
ابوالفتح,male
ابوالفرج,male
ابوالفضل,male
ابوالقاسم,male
ابوبكر,male
ابوذر,male
ابوریحان,male
ابوطالب,male
ابوعزیز,male
ابومسلم,male
اپرنگ,male
اپرویز,male
اتبك,male
اترك,male
اترین,male
اثیر,male
اثیرالدین,male
احترام,female
احتشام,male
احد,male
احسان,male
احسان الله,male
احلام,female
احمد,male
احمدرضا,male
احیا,male
اختای,male
اختر,female
اختیارالدین,male
اخشاد,male
اخشید,male
اخگر,female
ادریس,male
ادرینا,female
ادلیا,female
ادنا,male
ادهم,male
ادیان,male
ادیب,male
اذرخش,male
اراد,male
اران,male
ارانوس,female
ارباب,male
ارباد,male
ارباس,male
اربیل,male
ارتا,both
ارتا آریا,male
ارتاریا,male
ارتاش,female
ارتافرین,male
ارتان,male
ارتگین,male
ارتمن,male
ارتنگ,male
ارتیان,male
ارتین,male
ارج,male
ارجاسب,male
ارجاسپ,male
ارجمند,male
ارد,male
اردا,male
اردشام,male
اردشیر,male
اردلان,male
اردم,male
اردوان,male
اردی داد,male
اردیان,male
اردیبهشت,female
اردین,male
ارزنده,female
ارزین,male
ارزینه,female
ارژن,male
ارژنگ,male
ارس,male
ارسا,female
ارسام,male
ارسان,female
ارسطو,male
ارسلان,male
ارسمان,male
ارسن,male
ارسیا,male
ارسیما,male
ارش,male
ارشا,both
ارشاد,male
ارشاسب,male
ارشاك,male
ارشام,male
ارشامه,female
ارشان,male
ارشانوش,both
ارشاویر,male
ارشز,male
ارشك,male
ارشن,male
ارشنوش,female
ارشویر,male
ارشیا,both
ارشیدا,female
ارشیز,male
ارشین,female
ارغان,male
ارغش,male
ارغنون,female
ارغوان,female
ارغون,both
ارفش,male
ارفع,male
اركان,male
اركیده,female
اركین,male
ارم,both
ارماسب,male
ارمان,male
ارمانك,male
ارمایل,male
ارمغان,female
ارمیا,male
ارمیتا,female
ارمیس,male
ارمین,male
ارناز,female
ارناك,male
ارنواز,female
ارنوش,male
ارواد,male
اروتَدنر,male
اروس,female
اروشا,female
اروشه,female
ارون,female
اروند,male
اروین,both
اریا,male
اریاسب,male
اریامن,male
اریحا,female
اریدیس,female
اریس,male
اریكا,female
ارین,female
ارینا,female
ازدر,male
اسامه,male
اسپاد,male
اسپانتا,female
اسپنتا,female
اسپنتمان,male
اسپندیاد,male
اسپندیار,male
اسپنوی,female
اسپهبُد,male
اسپیتامن,male
اسپیتمن,male
استاسیس,male
استر,female
استرا,male
اسحاق,male
اسحق,male
اسد,male
اسدالدین,male
اسدالله,male
اسرا,female
اسرافیل,male
اسرین,female
اسعد,male
اسفار,male
اسفند دخت,female
اسفندیار,male
اسكندر,male
اسلام,male
اسما,female
اسماء,female
اسماعیل,male
اسمعیل,male
اسنا,female
اشا,male
اشااونی,female
اشاداد,male
اشتاد,male
اشتار,female
اشراق,male
اشرس,male
اشرف,female
اشرف الدین,male
اشعیا,male
اشك,female
اشك ناز,male
اشكان,male
اشكبوس,male
اشكش,male
اشلی,female
اشناس,male
اشو,male
اشوچهر,female
اشودخت,female
اشوروی,female
اشوزاد,female
اشوفْرَوَهَر,male
اشومنش,male
اشومهر,female
اشیر,male
اصغر,male
اصلان,male
اصیل الدین,male
اصیلا,female
اطلس,female
اطلسی,female
اطهر,female
اعتبارعلی,male
اعتماد,male
اعظم,female
اعلا,male
اغریرث,male
افتخارالدین,male
افرا,female
افراسیاب,male
افرود,male
افروز,female
افروغ,female
افریدون,male
افرینا,female
افسار,female
افسانه,female
افسر,female
افسرخاتون,female
افسردخت,female
افسون,female
افشار,male
افشان,female
افشید,female
افشین,male
افضل,male
افضل الدین,male
افق,female
افلاطون,male
اقاقی,female
اقاقیا,female
اقبال,male
اقبال علی,male
اقدس,female
اقشین,male
اقلیما,female
اقلیمیا,female
اكبر,male
اكتای,male
اكدش,male
اكرم,female
اكلیا,male
اكلیل,female
الارا,female
الاهه,female
البتگین,male
البرز,male
الچین,male
الحان,female
الدنیز,male
السا,female
الشن,male
الكا,female
الكوس,male
الله نظر,female
اللهیار,male
الما,female
الماس,female
الماس خاتون,female
المیرا,female
المینا,female
النا,female
الناز,female
الوا,both
الوند,male
الهام,female
الهه,female
الیا,both
الیاد,male
الیار,male
الیاس,male
الیان,male
الیزه,female
الیسا,female
الیكا,female
الیما,female
الین,female
الینا,female
ام البنین,female
امام قلی,male
امان,male
امان الله,male
اماندا,female
امانه,female
امرسان,male
امل,female
امیتیس,female
امید,male
امیدوار,male
امیده,female
امیر,male
امیر ارسلان,male
امیرا,female
امیرپارسا,male
امیرحافظ,male
امیرحسین,male
امیردخت,female
امیررضا,male
امیرطاها,male
امیرعباس,male
امیرعلی,male
امیركسری,male
امیرمحمد,male
امیرمهدی,male
امیرنظام,male
امیره,female
امیل,female
امیله,female
امین,male
امین الدین,male
امین الله,male
امین دخت,female
امینا,female
امینه,female
انار,female
انارام,female
انارگل,female
اندریمان,male
اندمان,male
اندی,male
اندیان,male
اندیشه,female
انسیه,female
انگاره,female
انگبین,female
انگیزه,female
انوش,male
انوش زاد,male
انوشا,female
انوشتكین,male
انوشروان,male
انوشك,female
انوشكا,female
انوشكزاد,female
انوشه,female
انوشه دخت,female
انوشه روان,female
انوشیروان,male
انیبا,female
انیتا,female
انیران,female
انیس,female
انیسا,female
انیسون,female
انیسه,female
اوات,male
اوتانا,male
اوحد,male
اوحدالدین,male
اوراشی,female
اورامان,both
اوران,female
اورانوس,female
اورمزد,male
اورمزدیار,male
اورند,male
اورنینا,female
اوریا,male
اوریاد,male
اوریسا,female
اورینا,female
اوس,male
اوستا,male
اوستانَه,male
اوشَه,male
اوشهنگ,male
اوشیدر,male
اوكتای,male
اولاد,male
اولدوز,female
اویتا,female
اویس,male
اویسا,female
اوین,both
اوینار,female
اهرن,male
اهورا,male
اهورا مزدا,male
اهوراداد,male
اهورامزد,male
ایاز,male
ایبك,male
ایپك,female
ایتكین,male
ایثار,male
ایدا,female
ایدون,male
ایده,female
ایران,female
ایران پناه,male
ایران ناز,female
ایرانا,female
ایرانبانو,female
ایرانپور,male
ایراندخت,female
ایرانشاه,male
ایرانشید,female
ایرانمهر,both
ایرانه,female
ایرج,male
ایرسا,female
ایرن,female
ایریك,male
ایزد,male
ایزد پناه,male
ایزدبد,male
ایزدچهر,female
ایزدداد,male
ایزدگشسپ,male
ایزدیار,male
ایسَدواستَر,male
ایساتیس,both
ایسیه,female
ایشا,male
ایشتار,female
ایلا,male
ایلار,female
ایلانا,female
ایلدرم,male
ایلدیریم,male
ایلقار,both
ایلكین,male
ایلگار,male
ایلماز,male
ایلناز,female
ایلیا,male
ایلیار,male
ایلیاس,male
ایلیكا,female
ایلیم,female
ایما,female
ایمان,male
ایمنه,female
ایناز,female
ایناس,female
ایواز,female
ایوان,female
ایوب,male
ائلمان,male
ائیریا,male
آباد,male
آبادان,male
آبادیس,male
آباریس,male
آباقا,male
آباگران,male
آبان,male
آبان آسا,female
آبان دخت,female
آبان دیس,female
آبان زاد,male
آبان سا,female
آبان سار,both
آبان فام,female
آبان مهر,female
آبان یاد,male
آبانداد,both
آبانك,female
آبانه,female
آبتاب,female
آبتین,male
آبد,male
آبدست,male
آبدوس,male
آبدیس,female
آبدین,male
آبرام,male
آبراهام,male
آبرخ,female
آبرلی,male
آبرنگ,female
آبرو,male
آبرود,female
آبروشن,female
آبرون,female
آبسال,both
آبسالان,female
آبستا,male
آبش,male
آبشار,female
آبشن,female
آبكار,male
آبگل,female
آبگون,female
آبگین,both
آبگینه,female
آبلاتكا,male
آبلوج,female
آبناز,female
آبنوس,female
آبنوش,female
آبو,male
آبی,male
آبیار,male
آبیژ,female
آپادا,male
آپاداش,male
آپادیپا,female
آپاسای,male
آپام,female
آپاما,female
آپامنه,female
آپامه,female
آپگیا,female
آپگیتی,female
آپنیتا,male
آپیشن,female
آتا,male
آتاباللی,male
آتابای,male
آتابیك,male
آتابیگ,male
آتاقلیچ,male
آتاگلدی,male
آتامكین,male
آتان,male
آتاناز,female
آتبین,both
آتجان,male
آتر,female
آترا,female
آترابان,male
آتربان,male
آتردین,male
آتروان,male
آتروپات,male
آترون,male
آتری,female
آتریسا,female
آترین,both
آترینا,female
آترینه,male
آتسا,female
آتسز,male
آتش,both
آتش برزین,male
آتش پا,male
آتشبان,male
آتشبند,both
آتشپاره,female
آتشدخت,female
آتشرخ,both
آتشزاد,male
آتشفام,female
آتشك,female
آتشكار,male
آتشگون,female
آتشه,female
آتشی,female
آتشیزه,female
آتشین,female
آتلاز,female
آتمش,male
آتنا,female
آتنایا,female
آتنه,female
آتور,female
آتورپات,male
آتورینا,female
آتوسا,female
آتوشه,female
آتیال,male
آتیتی,male
آتیجی,male
آتیس,female
آتیلا,male
آتین,male
آتیه,female
آثویه,male
آجیر,male
آچیق,both
آچیم,male
آخش,male
آخشیج,male
آدُر,male
آدُرباد,male
آدا,female
آداد,male
آدارایل,male
آداش,male
آدان,male
آدبهاوا,male
آدخ,male
آدخت,female
آدریان,male
آدریانوس,male
آدرین,male
آدلی,male
آدم,male
آدنا,female
آدنیس,female
آدورا,male
آدورینا,female
آدونیس,female
آدهاوا,male
آدی,male
آدیش,male
آدیشه,female
آدیگوزل,male
آدین,male
آدینگ,male
آدینه,both
آذار,female
آذر,female
آذر بُرزین,male
آذرافروز,both
آذرافزا,both
آذران,male
آذراوغلی,male
آذرآباد,both
آذرآیین,male
آذربُد,male
آذربابا,male
آذرباد,male
آذربان,male
آذربانو,female
آذربو,female
آذربود,male
آذربویه,female
آذربه,male
آذربهرام,male
آذرپَژوه,male
آذرپاد,male
آذرپناه,male
آذرپی,male
آذرتاش,male
آذرتوس,male
آذرجوش,male
آذرجهان,female
آذرچهر,both
آذرخاتون,female
آذرخش,both
آذرداد,male
آذردخت,female
آذردیس,both
آذررخ,female
آذرشب,male
آذرشسب,male
آذرشست,both
آذرشن,male
آذرطوس,male
آذرفر,male
آذرفرنبغ,male
آذرفروز,both
آذرفزا,both
آذرك,female
آذركار,male
آذركیش,male
آذركیوان,male
آذرگشسب,male
آذرگشسپ,male
آذرگل,female
آذرگون,female
آذرماه,female
آذرماهان,male
آذرمه,female
آذرمهر,female
آذرمهربرزین,male
آذرمیدخت,female
آذرمینا,female
آذرنرسی,male
آذرنگ,male
آذرنوش,female
آذروان,male
آذرهمایون,female
آذرین,both
آذریون,female
آذین,female
آذین دخت,female
آذین فر,male
آذین گل,female
آرا,female
آراج,male
آراد,male
آرارات,male
آراز,male
آرازش,male
آراس,male
آراسته,female
آراستی,both
آراشید,female
آراگل,female
آرالیا,female
آرام,female
آرام دخت,female
آرام دل,female
آرامش,female
آرامه,female
آرامیس,female
آران,male
آرایه,female
آرپان,male
آرتا,both
آرتاباز,male
آرتابان,male
آرتاپارت,male
آرتادخت,female
آرتان,male
آرتمن,male
آرتمیس,both
آرتنوس,female
آرتوان,male
آرتونیس,female
آرته دخت,female
آرتیستون,female
آرتیمان,male
آرتیمیس,female
آرتین,male
آرتینا,female
آرخا,male
آردا,male
آردین,male
آرزو,female
آرژان,female
آرسام,male
آرسان,male
آرسن,male
آرسین,male
آرسینه,female
آرش,male
آرشا,male
آرشاك,male
آرشام,male
آرشامه,male
آرشان,male
آرشاویر,male
آرشیدا,female
آرشین,female
آركا,male
آرگون,female
آرمان,male
آرمانا,female
آرمتی,female
آرمناك,male
آرمه,female
آرمیا,male
آرمیتا,female
آرمیتان,female
آرمیتی,female
آرمیدخت,female
آرمیس,female
آرمیلا,female
آرمین,male
آرمینا,female
آرمیندخت,female
آرمینه,female
آرمینی,male
آرنا,male
آرنوش,female
آرنوشا,female
آرنیكا,female
آروا,female
آروشا,female
آروكو,male
آرویج,male
آرویشه,female
آروین,male
آری,male
آریا,male
آریاباد,male
آریابان,male
آریابد,male
آریابرز,male
آریادخت,female
آریاراد,male
آریارامنه,male
آریارمن,male
آریاز,male
آریاسب,male
آریافر,male
آریاك,male
آریاگیو,male
آریامن,male
آریامنش,male
آریامهر,male
آریان,both
آریانا,female
آریاناز,female
آریانوش,female
آریتما,male
آریز,male
آریژه,female
آریس,male
آریسا,female
آریسان,female
آریستا,both
آریسته,male
آریشیدا,female
آرین,male
آرینا,female
آریندخت,female
آریو,male
آریوبَرزَن,male
آریوبرزن,male
آریوبرزین,male
آریوداد,male
آریوراد,male
آریه,male
آزا,male
آزاد,male
آزاد منش,male
آزادبه,male
آزادچهر,female
آزاددخت,female
آزادسرو,male
آزادفروز,male
آزادمهر,male
آزاده,female
آزاده خوی,female
آزاله,female
آزالیا,female
آزر,male
آزران,male
آزرم,female
آزرم خاتون,female
آزرمدخت,female
آزرمگان,male
آزرمیدخت,female
آزیتا,female
آزین,female
آژمان,male
آژند,both
آژنگ,male
آسا,female
آسادخت,female
آساره,female
آسام,male
آسانا,female
آسایش,male
آسپاداس,male
آسپیان,male
آستیاژ,male
آستیاك,male
آسدین,male
آسكی,female
آسمان,female
آسمانهور,female
آسنا,female
آسنات,female
آسو,both
آسودا,female
آسوده,female
آسیا,female
آسیدات,male
آسیداد,male
آسیمن,female
آسیه,female
آشتی,female
آشر,male
آشنا,female
آشوب,female
آشور,male
آشورینا,female
آشیان,female
آشینا,male
آصف,male
آصفه,female
آطوسا,female
آغابانو,female
آفاق,female
آفت,female
آفتاب,female
آفتابدخت,female
آفریدون,male
آفریده,female
آفرین,female
آفرین گل,female
آفرین ماه,female
آفرین مهر,female
آفرین ناز,female
آفرین نوش,female
آفریندخت,female
آفسانه,female
آفشید,female
آق بانو,female
آق گل,female
آقاجان,male
آقاگل,male
آقامیر,male
آكام,male
آكو,male
آگا,male
آگاهدخت,female
آگرین,female
آلا,female
آلاء,female
آلاگل,female
آلاله,female
آلان قوا,female
آلان گوا,female
آلاوه,female
آلب,male
آلب ارسلان,male
آلب تكین,male
آلبا,female
آلپ ارسلان,male
آلپ تكین,male
آلتنای,female
آلتون,female
آلتونتاش,male
آلتین,female
آلتین گلین,female
آلكا,both
آلما,female
آلماز,female
آلماگل,both
آلند,female
آلنوش,female
آلوگونه,female
آلیا,male
آلیس,female
آلیسا,female
آلیش,female
آلیشان,both
آماتیس,female
آماستریس,female
آمال,female
آمانج,male
آماندا,male
آماندانا,female
آمتیس,female
آمستریس,female
آمنه,female
آمنید,male
آموتیا,female
آموی,male
آمیتریس,female
آمیتیدا,female
آمیتیس,female
آمین,male
آن,female
آنا,female
آناشید,female
آناگ,male
آنالی,female
آناهیتا,female
آناهید,female
آنتیگون,male
آندیا,female
آنسه,female
آنو,female
آنوش,female
آنوشا,female
آنوشه,male
آنیا,female
آنیتا,female
آنیس,female
آنیسا,female
آنیل,male
آوا,female
آوات,female
آوادان,female
آوادخت,female
آوادیس,both
آوازه,female
آوام,female
آوانوش,female
آوشن,female
آوگان,male
آون,female
آونگ,both
آوه,male
آوید,both
آویده,female
آویر,male
آویز,both
آویزند,female
آویزه,female
آویژه,both
آویسا,female
آویشن,female
آویشه,female
آوین,female
آوینا,female
آهار,female
آهنگ,female
آهو,female
آهید,female
آهیر,male
آهیل,male
آهین,male
آی,female
آی اوز,female
آی بك,male
آی بی بی,female
آی پارا,female
آی پری,female
آی تركی ماه,female
آی خانم,female
آی سودا,female
آی نشان,female
آیا تای,female
آیت,male
آیت الله,male
آیتا,female
آیتاش,male
آیتای,female
آیتغمش,male
آیتك,female
آیتكین,male
آیتن,female
آیتونا,male
آیجان,female
آیخان,male
آیدا,female
آیدان,female
آیدك,female
آیدن,female
آیدنگ,female
آیدین,male
آیریك,male
آیرین,female
آیسا,female
آیسان,female
آیسل,female
آیقان,male
آیكان,male
آیگل,female
آیگوزل,female
آیگین,female
آیلا,both
آیلار,female
آیلما,female
آیلی,female
آیلین,female
آیما,female
آین,both
آینا,female
آیناز,female
آینور,female
آیه,female
آیهان,male
آییژ,female
آیین,female
آیین گشسب,male
آئیل,male
بَخشا,male
بَدخشان,male
بَرَسم,male
بَرِشنوم,male
بَرازمان,male
بَردیا,male
بَرسام,male
بَرمك,male
بَگاداد,male
بَگاش,male
بَهاوند,male
بَهرامشاه,male
بُرزو,male
بُرزویه,male
بُزرگمهر,male
بُندار,male
بُنشاد,male
بِهراد,male
بِهروز,male
بِهمرد,male
بابا,male
بابان,female
بابر,male
بابك,male
بابوس,female
بابوی,male
بابیك,male
بابیلان,female
باپوك,male
باپیر,male
باپیو,female
باتوف,female
باتیس,male
باتینك,female
باتینوك,female
بادام,female
بادامك,female
بادان,male
بادر,female
بادرام,male
بادلیس,male
بادینان,male
باذان,male
باراد,male
باران,female
باربُد,male
بارزان,both
بارسین,male
بارش,female
بارشین,male
بارلی,female
بارمان,male
بارنك,female
بارنگ,female
باروشه,female
باریز,female
باریزان,female
باریسان,male
باریكان,male
بارین,female
بازان,female
بازبان,male
بازنه,female
بازو,female
بازور,female
بازیار,male
بازیان,male
باژار,male
باژوران,female
باژه,male
باژیر,female
باسام,male
باستان,male
باستیان,female
باستینگ,female
باسكار,female
باسكان,male
باشار,male
باشن,female
باشو,male
باشوان,male
باشور,male
باشوك,male
باشیلا,female
باغان,female
باغبان,male
بافرین,female
باقر,male
باكوت,female
باكور,male
باگه,male
بالا,male
بالاچ,male
بالبان,male
بالك,male
بالنده,both
بالوی,male
بالویز,male
بالیده,female
بالین,female
بامداد,male
بامشاد,male
بامك,female
بامگاه,male
بامی,female
بامیك,female
بامین,female
بانگ,male
بانو,female
بانواز,female
بانوگشسب,female
بانی,male
بانیپال,male
باوا,male
باوان,female
باور,female
باوشین,female
باوند,female
باوین,female
باهرام,male
باهك,male
باهنر,male
باهوز,male
باهیف,male
بایا,male
بایتگین,male
بایخ,female
بایرام,male
بایزید,male
بایف,male
بایگان,male
ببك,male
بتام,male
بتاو,male
بتسابه,female
بتمان,female
بتول,female
بتین,female
بثریك,male
بجرگ,male
بچكول,female
بحیرا,male
بخت آفرید,female
بخت آفرین,male
بختوان,female
بختور,female
بختیار,male
بختیاری,male
بخش علی,male
بخشان,male
بخشین,female
بخشینر,male
بدرالدین,male
بدره,male
بدری,female
بدن گل,female
بدیع الزمان,male
برات,male
براخاس,male
براخاص,male
برادر,male
برادوست,male
برام,male
برانوش,male
براو,male
براهام,male
براهیم,male
برآلین,male
برپرس,male
برتاو,male
برتن,male
برته,male
برجاسپ,male
برچاو,male
برداش,male
بردان,male
بردبار,female
بردل,male
بردیس,male
برز,male
برزام,male
برزان,male
برزاو,male
برزآذر,male
برزآفرید,female
برزآفرین,male
برزفر,male
برزفری,male
برزما,male
برزمند,male
برزمهر,male
برزن,male
برزهم,male
برزی,female
برزین,both
برزین داد,male
برزین مهر,male
برژان,female
برژانگ,female
برژنگ,female
برژول,female
برسومه,female
برسیان,male
برسیل,female
برسین,female
برشان,male
برشید,female
برشیو,female
برف آب,female
برفی,female
برفین,female
برقه,female
بركاو,male
بركو,male
برگ,female
برگام,female
برگش,male
برلیان,female
برمال,male
برمایون,male
برنا,both
برنوش,male
بروا,male
بروار,male
بروان,male
بروز,male
بروسكان,male
بروسكه,male
بروفه,female
برومند,male
برهان,male
برهان الدین,male
برهم,male
برهمن,male
برهمند,male
برهون,female
بریا,female
بریار,female
بریان,male
بریز,male
بریسكه,male
بریكار,male
برین,male
بریندار,male
برینداره,female
بریوان,female
بزان,female
بزرجمهر,male
بزرگ,male
بزرگ امید,male
بزوتنوه,male
بزوین,male
بزین,female
بژار,male
بژدار,female
بژن,female
بژوار,both
بژول,female
بژوین,female
بژیو,female
بسارنگ,both
بسام,male
بستك,male
بستور,male
بستیر,male
بسمه,female
بسود,male
بسوز,male
بسیم,male
بسیه,male
بشتاسب,male
بشدار,female
بشرا,female
بشری,female
بشكو,female
بشیر,male
بصیر,male
بغرا,male
بفران,female
بفرانبار,female
بكتاش,male
بكیاش,male
بلار,female
بلاش,male
بلاشان,male
بلال,male
بلالوك,female
بلباس,male
بلقیا,female
بلقیس,female
بلنجه,female
بلواژ,female
بلوت,female
بلور,female
بلورین,female
بلوط,female
بلویر,male
بلیسه,female
بلیمت,male
بلین,female
بمان علی,male
بمانی,female
بنار,male
بناز,female
بنان,female
بناو,female
بناوان,female
بنجامین,male
بندن,male
بندوی,male
بنرخ,female
بنفش,female
بنفشه,female
بنگین,female
بنن,female
بنیا,female
بنیامین,male
بنیتا,female
بنین,female
بوار,male
بوبار,male
بوبان,male
بوبك,female
بوپار,male
بوتان,male
بوته,female
بوجه,male
بوختار,female
بوخشا,male
بودیان,male
بوذر,male
بوذرجمهر,male
بوراب,male
بوران دخت,female
بورباش,male
بورچین,female
بورژك,male
بورنگ,male
بوزرجمهر,male
بوژان,male
بوژنه,female
بوستان,female
بوستان افروز,male
بوسه,female
بوسیان,male
بوكان,female
بوكبویانی,female
بونخوش,female
بوندار,female
بوین,female
به آذین,male
به آفرید,female
به آفرین,female
به آیین,female
به آئین,male
به تام,both
به خاتون,female
به نگار,female
به یزداد,male
بها,male
بهاء الدین,male
بهادر,male
بهار,female
بهارا,female
بهاران,female
بهارآفرین,female
بهاردخت,female
بهاررخ,female
بهارك,female
بهارناز,female
بهاره,female
بهارین,female
بهامد,male
بهامین,female
بهان,both
بهانه,female
بهاور,female
بهبد,male
بهبود,male
بهپور,male
بهتا,female
بهتاش,male
بهجت,male
بهداد,male
بهداور,male
بهدخت,female
بهدیس,female
بهدین,male
بهرام,male
بهرامه,female
بهرانه,female
بهرخ,female
بهرنگ,male
بهرو,female
بهروزه,female
بهروش,male
بهزاد,male
بهزادان,male
بهسا,female
بهستان,male
بهستون,male
بهسود,male
بهسودان,male
بهشاد,male
بهشت,female
بهشته,female
بهشید,female
بهفام,male
بهك,male
بهكامه,female
بهگل,female
بهلول,male
بهمن,male
بهمن داد,male
بهمن دخت,female
بهمنش,male
بهمنیار,male
بهناز,female
بهنام,male
بهنواز,female
بهنود,male
بهنوش,female
بهنیا,male
بهوران,male
بهی,female
بهیز,male
بهین,female
بهین بانو,female
بهین دخت,female
بهینا,both
بهینه,female
بی بش,male
بی بی گل,female
بی بی ماه,female
بی بی ناز,female
بی توش,female
بی خال,female
بی خم,female
بی نظیر,female
بی وینه,female
بیارش,male
بیاره,male
بیان,female
بیانه,female
بیباك,male
بیبون,female
بیتا,female
بیتاوان,male
بیتخش,male
بیتك,male
بیچم,female
بیدار,both
بیدخت,female
بیدگل,female
بیرام,male
بیرشاد,male
بیرگا,male
بیرور,male
بیرون,female
بیری,female
بیریفان,female
بیزار,male
بیژن,male
بیژه,female
بیساران,male
بیسان,female
بیستان,female
بیستون,male
بیسو,female
بیشو,female
بیكژ,female
بیكس,male
بیكن,female
بیگرد,female
بیگم,female
بیلاش,male
بیلو,female
بینا,female
بینر,male
بینور,female
بینیار,female
بیور,female
بیورد,male
بیورزاد,male
بیوی,female
پَتَه مانی,male
پَرنگ,male
پَریبُرز,male
پَشَنگ,male
پُرشاد,female
پاپریك,male
پاپوك,female
پاتیرا,male
پادار,male
پاداش,both
پاداشت,male
پادرا,male
پادشا,male
پادمیرا,female
پادنا,female
پادینا,female
پارامیدا,female
پاردیس,female
پاردیك,male
پارس,male
پارسا,male
پارسان,male
پارسوا,male
پارسیا,male
پارسیس,male
پارلا,female
پارلار,female
پارمیدا,female
پارمیس,female
پارمین,female
پارنا,female
پارند,female
پاره وان,male
پاره یار,male
پاساك,male
پاسدار,male
پاشا,male
پاشنگ,female
پاك آفرین,female
پاك رخ,female
پاك سیما,female
پاك گوهر,female
پاكان,male
پاكبانو,female
پاكچهر,female
پاكدخت,female
پاكدل,female
پاكدین,both
پاكر,male
پاكروان,male
پاكروز,female
پاكروی,female
پاكزاد,male
پاكفر,female
پاكمهر,male
پاكناز,female
پاكنوش,female
پاكیزه,female
پالیز,both
پامچال,female
پانته,female
پانته آ,female
پانتی,female
پانی,female
پانیا,female
پانیذ,female
پانیسا,female
پانیك,female
پاو,male
پایا,male
پایار,male
پایون,female
پاییز,female
پاییزان,female
پدرام,male
پدیده,female
پرارین,female
پرارین دخت,female
پراهام,male
پربها,female
پرتو,female
پرچم,male
پرخیده,female
پرداد,male
پردخت,female
پردیز,female
پردیس,female
پرزاد,female
پرزین,female
پرسا,female
پرستش,female
پرستك,female
پرستو,female
پرستوك,female
پرسون,female
پرسیا,female
پرشان,male
پرشت,female
پرشنگ,female
پرشیا,male
پرك,female
پرگام,female
پرگان,female
پرگشا,female
پرگل,female
پرگون,female
پرمایه,male
پرمودیه,male
پرمون,female
پرمیس,female
پرن,female
پرنا,female
پرناز,female
پرناك,female
پرند,female
پرندخت,female
پرنددخت,female
پرنددیس,female
پرندك,female
پرندوش,female
پرندین,female
پرنسا,female
پرنوش,female
پرنون,female
پرنیا,female
پرنیان,female
پرنین,female
پرو,female
پروا,female
پروانه,female
پروچستا,female
پروچیستا,female
پرور,female
پروش,female
پروشات,female
پرویز,male
پروین,female
پرهام,male
پرهان,male
پری,female
پری بانو,female
پری پیكر,female
پری تاج,female
پری جان,female
پری دخت,female
پری رو,female
پری روی,female
پری سیما,female
پری گل,female
پری ویس,female
پریا,female
پریاس,female
پریام,male
پریان,female
پریچه,female
پریچهر,female
پریچهره,female
پریرخ,female
پریزاد,female
پریزاده,female
پریژه,female
پریسا,female
پریسان,female
پریشا,female
پریفام,female
پریفر,female
پریگون,female
پریماه,female
پریمرز,female
پرین,female
پریناز,female
پرینام,female
پرینوش,female
پریوش,female
پژال,female
پژدو,male
پژمان,male
پژند,male
پژواك,both
پساك,male
پسته,female
پسندیار,male
پشتیسار,male
پشن,male
پشوتَن,male
پشین,male
پگاه,female
پلاش,male
پلاشان,male
پنجعلی,male
پندار,male
پوپك,female
پوپه,female
پودینه,female
پوران,female
پوران دخت,female
پوربه,male
پورچیستا,female
پورشسب,male
پورك,male
پورنگ,male
پوروچیستا,female
پوروشسب,male
پوری,female
پوریا,male
پوریار,male
پوژمان,male
پولا,male
پولاد,male
پولك,female
پونا,female
پونه,female
پویا,male
پویان,male
پویین,male
پهلبد,male
پیام,male
پیچك,female
پیداگشسب,male
پیدرا,female
پیراسته,female
پیران,male
پیرایه,female
پیرداد,male
پیروز,male
پیروزان,male
پیروزدخت,female
پیروزگر,male
پیروزه,both
پیروزی,male
پیشداد,male
پیكان,male
پیلتَن,male
پیلسم,male
پیمان,male
پیمانه,female
پینار,female
پیوند,female
تَرَنُم,female
تَسو,male
تَندُر,female
تَنسِر,male
تَهمتَن,male
تُرنج,female
تِهرت,female
تِیتَك,female
تابا,both
تابال,male
تابان,female
تابان چهر,female
تابان دخت,female
تابان رخ,female
تابان گل,female
تابانروی,female
تابانمهر,female
تابش,female
تابناك,female
تابنده,female
تابیتا,female
تاپیك,female
تاتیانا,female
تاتینا,female
تاج الدین,male
تاج الزمان,female
تاج الملك,female
تاج الملوك,female
تاج آفرین,female
تاج بانو,female
تاج بخش,male
تاج بی بی,female
تاج خاتون,female
تاج دخت,female
تاج گل,female
تاج ماه,female
تاج مهر,female
تاجیك,male
تارا,female
تارادخت,female
تارادیس,female
تارح,male
تارخ,male
تارلا,female
تارمیتا,female
تازه,female
تاژ,both
تافته,female
تاك آفرین,female
تاكدخت,female
تالیا,female
تامارا,female
تامیلا,female
تامیما,female
تانسو,female
تانیا,female
تایماز,both
تباك,male
تبسم,female
تتسگل,female
تحفه,female
تحفه گل,female
تخار,male
تخشا,male
تخشك,female
تخواره,male
تذرو,female
تراب,male
ترانه,female
ترخان,male
ترسا,female
تركان,female
ترگل,female
ترلان,female
ترمه,female
ترنگ,female
ترنیان,female
تروند,female
تریتی,female
تژاو,male
تسنیم,female
تشتر,female
تقدیر,male
تقی,male
تك آفرین,male
تك بانو,female
تكاپو,male
تكاو,female
تكاور,male
تكتا,male
تكتم,female
تكش,male
تكین,male
تگین,male
تلكا,female
تلما,female
تلناز,female
تلیمان,male
تمنا,female
تمیس,female
تمیم,both
تناز,female
تنبور,female
تندیس,female
تنی,female
تنی نار,female
توان,male
توانا,male
توانایی,male
توتیا,female
توحید,male
تور,male
توراكینا,female
تورال,male
توران,female
تورانبانو,female
توراندخت,female
تورج,male
تورك,male
تورنگ,male
توری,female
توریا,both
توس,male
توسا,female
توسكا,both
توسن,male
توشنامئیتی,female
توفان,female
توفیق,male
توكا,female
توما,male
تهم,male
تهماسب,male
تهمورث,male
تهمورس,male
تهمین,male
تهمینه,female
تی تی,female
تی تی سا,female
تی تی گل,female
تی تی نار,female
تیارا,female
تیام,both
تیبا,female
تیدآ,female
تیراژه,female
تیران,male
تیرداد,male
تیزهوش,female
تیس,male
تیسا,female
تیساگل,female
تیساناز,female
تیگران,male
تیما,both
تیماس,male
تیمور,male
تیمورتاش,male
تینا,female
تیناب,female
تینوش,female
تیهو,female
ثابت,male
ثاقب,male
ثامر,male
ثریا,female
ثمر,both
ثمره,female
ثمین,both
ثمینا,female
ثمینه,female
ثنا,female
ثواب,male
جابان,male
جابر,male
جادی,male
جارالله,male
جاسم,male
جاسمین,female
جالینوس,male
جام,female
جاماسب,male
جاماسپ,male
جامشید,male
جان افروز,male
جان افزا,male
جان آرام,female
جان بخشان,male
جان پرور,male
جان محمد,male
جان نواز,female
جانا,female
جانام,female
جانان,male
جانانه,female
جانبانو,female
جاندخت,female
جانعلی,male
جانلی,male
جانمهر,female
جانوسیار,male
جانوشیار,male
جانی,male
جانیار,male
جاوید,male
جاهد,male
جبار,male
جبریل,male
جبرئیل,male
جبلی,male
جرجیس,male
جریر,male
جریره,female
جستان,male
جعفر,male
جلال,male
جلال الدین,male
جلایر,male
جلوه,female
جلیل,male
جم,male
جمال,male
جمال الدین,male
جمدخت,female
جمشاد,male
جمشید,male
جمهور,male
جمیله,female
جناب,male
جنان,female
جنت,female
جندل,male
جنید,male
جواد,male
جوان,male
جوانشیر,male
جوانمردی,male
جوانوی,male
جوانه,female
جواهر,female
جوهر,female
جویا,male
جویان,male
جهان,male
جهان افروز,female
جهان آذر,female
جهان آسا,female
جهان آفرین,male
جهان آوا,female
جهان بانو,female
جهان بخش,male
جهان بین,male
جهان خاتون,female
جهان فر,male
جهان ماه,female
جهان مهر,both
جهانبان,male
جهانتاب,female
جهاندار,male
جهاندخت,female
جهانرخ,female
جهانسوز,male
جهانشاد,male
جهانشاه,male
جهانشید,male
جهانشیر,male
جهانگشای,male
جهانگیر,male
جهانیار,male
جهن,male
جیحون,female
جیران,female
جیلا,female
چَمان,female
چابك,male
چاكان,male
چالش,male
چالی,female
چالیك,male
چام,female
چامه,female
چاووش,male
چاوه,male
چراغ,male
چراغعلی,male
چرمه,female
چشمه,female
چكاد,male
چكاو,female
چكاوك,female
چكاوه,female
چلچله,female
چلیپا,both
چمان,female
چمانه,female
چمن,female
چمن افروز,female
چمن آرا,female
چمن چهر,female
چنگش,male
چنگیز,male
چنور,both
چوبین,male
چوبینه,male
چوك,female
چوگان,male
چهراب,female
چهرافروز,female
چهرآذر,both
چهرآرا,female
چهرآزاد,both
چهربرزین,male
چهرزاد,female
چهرفروز,female
چهرك,female
چهرمینو,female
چهره,female
چهره گل,female
چهل چراغ,female
چیا,male
چیاكو,male
چیترا,female
چیچك,female
چیستا,female
چیستی,female
چیكا,female
چیلان,male
چیلانه,female
چینوَد,male
حاتم,male
حادید,male
حارث,male
حارثه,female
حارس,male
حافظ,male
حافظ الدین,male
حام,male
حامد,male
حامده,female
حامی,male
حامین,male
حانان,male
حانون,male
حانی,both
حانیه,female
حایری,male
حبان,male
حبیب,male
حبیب الله,male
حبیبه,female
حجت,male
حجت الدین,male
حداد,male
حدیث,female
حدیثه,female
حدیقه,female
حرمت,female
حرمت علی,male
حره,female
حریر,female
حزین,male
حسام,male
حسام الدین,male
حسان,both
حسانه,female
حسن,male
حسن یوسف,male
حسنا,female
حسنی,female
حسیب,male
حسیبا,female
حسین,male
حسینیه,female
حشمت,male
حشمت الله,male
حصیل,male
حفصه,female
حفیظ,male
حكمت,male
حكیم,male
حكیمه,female
حلاج,male
حلما,female
حلیا,female
حلیم,male
حلیمه,female
حلیه,female
حماسه,female
حمام,male
حمدالدین,male
حمدالله,male
حمرا,female
حمراه,female
حمزه,male
حمید,male
حمیدالدین,male
حمیدالله,male
حمیدرضا,male
حمیده,female
حمیرا,female
حمیم,male
حنا,female
حنان,male
حنانه,female
حنیف,male
حنیفه,female
حنین,male
حوا,female
حور,female
حورا,female
حورآسا,female
حورآفرین,female
حورجهان,female
حوردیس,female
حوررخ,female
حورزاد,female
حوروش,female
حوری,female
حوری بانو,female
حوری دخت,female
حوری رخ,female
حوری زاد,female
حوری لقا,female
حوریا,female
حوریه,female
حیات,female
حیدر,male
حیفا,female
خُوروَش,female
خُونیرِث,male
خابان,male
خاتون,female
خاتونك,female
خارا,female
خارك,female
خاروس,male
خاره,female
خاشعه,female
خاطرافروز,female
خاطرآسا,female
خاطرنواز,female
خاطره,female
خاقان,male
خالد,male
خالده,female
خالق,male
خالواش,female
خانم,female
خانم گل,female
خانوم,female
خاور,female
خاوین,male
ختا,female
ختمی,female
ختن,female
خجسته,female
خجسته لقا,female
خجیر,female
خدا نظر,female
خداآفرید,both
خدابخش,male
خدابنده,male
خداداد,male
خدادوست,male
خداطلب,male
خداكریم,male
خدایار,male
خدیجه,female
خدیو,male
خراد,male
خراسان,male
خرام,female
خرامان,female
خرداد,male
خردادبرزین,male
خردادبه,male
خردمند,male
خرزاد,male
خرشا,female
خرشاد,both
خرشید,both
خرم,male
خرم بانو,female
خرم بهار,female
خرم چهر,female
خرم گل,female
خرمدخت,female
خرمدل,female
خرمشاد,male
خرمن,female
خرمناز,female
خرمه,female
خروش,male
خزان,female
خزر,female
خسرو,male
خسروپرویز,male
خسروداد,male
خسروزاد,male
خسروشاد,male
خشاش,male
خشاشه,male
خشایار,male
خشایارشا,male
خشنواز,male
خشنود,male
خضر,male
خضرا,female
خلیل,male
خلیل الله,male
خنجست,male
خندان,both
خندان چهر,female
خندان گل,female
خوب چهر,female
خوبرخ,female
خوبروی,female
خوبیار,female
خوتكا,female
خوردخت,female
خوردیس,female
خورزاد,both
خورسان,both
خورسند,male
خورشاد,female
خورشید,female
خورشید چهر,female
خورشیدبانو,female
خورشیددخت,female
خورشیدرخ,female
خورشیدفر,female
خورشیدكلاه,both
خورشیدمهر,female
خوزان,male
خوش لقا,female
خوش منش,male
خوش نواز,male
خوشاب,female
خوشبوی,female
خوشچهر,female
خوشخو,female
خوشدل,female
خوشروی,female
خوشگو,female
خوشنام,male
خوشنوا,female
خوشنود,male
خوشه,female
خوشین,female
خیام,male
خیرالدین,male
خیرالله,male
خیرالنسا,female
خیرالنساء,female
خیراندیش,male
خیرعلی,male
خیزران,female
دَریز,male
دَسَم,male
دَستنبو,female
دُخمل,female
دُرافشان,female
دُردانه,female
دُرنا,female
دُغدو,female
دِرمنَه,female
داتَه,male
داتام,male
داتان,male
داتیس,male
دادار,male
دادآفرید,female
دادآفرین,female
دادبان,male
دادبرزین,male
دادبه,male
دادپویه,male
دادجو,male
دادخواه,male
دادرس,male
دادعلی,male
دادفر,male
دادفرخ,male
دادفروز,male
دادكار,male
دادگر,male
دادلی,female
دادمهر,male
دادنام,male
دادوَر,male
دادهرمز,male
دادیار,male
دارا,male
داراب,male
داران,male
دارانا,both
دارمان,male
دارنوش,male
داریا,male
داریاو,male
دارینا,female
دارینوش,male
دارینه,female
داریو,male
داریوش,male
داژو,male
داشاب,male
داشاد,male
دالیا,female
داماسپیا,female
دامور,male
دامون,male
دامینه,female
دان,male
دانا,male
دانژه,female
دانش,male
دانشمند,male
دانوش,male
دانیا,female
دانیال,male
داو,male
داود,male
داور,male
داورا,male
داوود,male
داوید,male
دایان,male
دایانا,female
دخت مهر,female
درا,female
دراج,female
دربانو,female
دربها,female
درة التاج,female
درتا,female
درخشا,female
درخشان,female
درسا,female
درستی,female
درفام,female
درفشان,female
درگل,female
درمان,female
درناز,female
دروار,female
دره,female
دری,female
دریا,female
دریادخت,female
دریاناز,female
دریتا,female
دریم,both
درین,female
دستان,male
دشمه,male
دل افروز,female
دل انگیز,female
دل آرا,female
دل آرام,female
دل آسا,female
دل آشوب,female
دل آویز,female
دل بهار,female
دلارا,female
دلارام,female
دلاور,male
دلاویز,female
دلبان,female
دلبر,female
دلپذیر,female
دلپرور,female
دلپسند,female
دلجو,female
دلخوش,female
دلدار,female
دلربای,female
دلستان,female
دلشاد,both
دلفروز,female
دلكش,female
دلگرم,female
دلگشا,female
دلگون,female
دلناز,female
دلنواز,female
دلنوش,female
دلنیا,female
دلوار,female
دلووان,female
دلیار,female
دلیر,male
دلیله,female
دلینا,female
دماوند,male
دمساز,female
دمن,female
دمور,male
دنا,female
دنبره,female
دنیا,female
دنیز,female
دنیس,both
دورسین,female
دوست محمد,male
دوستعلی,male
دوقلو,male
دومان,male
دها,male
دهباشی,male
دهخدا,male
دهما,female
دهناد,male
دیااكو,male
دیاكو,male
دیان,female
دیانا,female
دیبا,female
دیبارخ,female
دیدار,female
دیلان,female
دین محمد,male
دینا,female
دینارگیس,female
دیناز,female
دینشاه,male
دینه,female
دینیار,male
دیهیم,male
ذبیح,male
ذكا,male
ذكی,male
ذكیه,female
ذوالفضل,male
ذوالفقار,male
رَسابانو,female
رَسادخت,female
رُدگون,female
رُكسانا,female
رابعه,female
رابو,female
رابیا,female
راتا,female
راتین,male
راحل,female
راحله,female
راحیل,female
راد,male
رادا,female
رادان,male
رادبرزین,male
راددخت,female
رادعلی,male
رادفرخ,male
رادمان,male
رادمنش,male
رادمهر,male
رادنوش,both
رادوین,male
راز,female
رازان,female
رازاوه,male
رازقی,female
رازك,female
رازمهر,female
رازیانه,female
راژان,both
راستین,male
راشا,male
راشد,male
راشل,female
راشن,male
راشین,male
راضیه,female
رافع,female
رافعه,female
رافونه,female
رام,male
رام افزا,female
رام افزون,female
رام بانو,female
رام برزین,male
راما,male
رامان,male
رامبد,male
رامتین,male
رامدخت,female
رامسینا,female
رامش,female
رامشاد,male
رامشین,female
رامك,female
رامونا,female
رامی,male
رامیاد,male
رامیار,male
رامیلا,female
رامین,male
رامینا,female
رامینه,female
رانیا,female
راوش,female
راوك,female
راویز,female
راویس,female
راهنما,male
راهین,female
رایا,male
رایان,both
رایبد,male
رایحه,female
رایكا,both
رایمون,male
رایومند,female
رایین,male
رائیك,female
رائیكا,female
رأفت,female
رباب,female
ربابه,female
ربن,male
ربیع,male
ربیعه,female
رتاج,female
رجا,male
رجب,male
رحمان,male
رحمت,male
رحمت الله,male
رحمه,female
رحیم,male
رحیمه,female
رخ افروز,female
رخامین,female
رخسار,female
رخساره,female
رخسانا,female
رخشا,female
رخشاد,female
رخشان,both
رخشانه,female
رخشنده,female
رخشید,female
رخشیده,female
رخك,female
رخنا,female
رخنار,female
ردا,female
ردیمه,female
رز,female
رزا,female
رزاق,male
رزالین,female
رزان,female
رزق الله,male
رزمان,male
رزمین,female
رزیتا,female
رزین,male
رزین دخت,female
رزینا,female
رژان,female
رسا,both
رسام,male
رسپینا,female
رستا,female
رستار,male
رستاك,female
رستان,male
رستم,male
رستهم,male
رسول,male
رشا,both
رشاد,both
رشنواد,male
رشید,male
رشیدا,male
رشیدالدین,male
رضا,male
رضوان,female
رضوانه,female
رضی,male
رضی الدین,male
رضیه,female
رعد,male
رعنا,female
رغمان,male
رفعت,both
رفیدا,both
رفیع,male
رفیع الدین,male
رفیعه,female
رقیه,female
ركسار,male
ركسانه,female
ركن الدین,male
رمان,female
رمانه,female
رمضان,male
رمیار,male
رمیصا,female
روان,female
روبینا,female
روجا,female
روجیار,male
روح الدین,male
روح الله,male
روح انگیز,female
روحبخش,female
رودابه,female
روزافزون,female
روزانا,female
روزبه,male
روزبهان,male
روزك,male
روزمهر,male
روزیتا,female
روژ,female
روژا,female
روژان,female
روژانو,female
روژدا,female
روژمان,male
روژیا,female
روژیار,female
روژین,female
روژینا,female
روژییار,female
روسانا,female
روشا,female
روشاك,male
روشان,female
روشن,female
روشن چهر,female
روشن رخ,female
روشن مهر,female
روشنا,female
روشنایی,male
روشنك,female
روما,both
روماك,male
رومیسا,female
رومینا,female
روناك,female
رونیا,female
رونیكا,female
روهام,male
روهان,male
رویا,female
رها,female
رهاگشته,male
رهام,male
رهان,male
رهی,male
رؤیا,female
ریاض,male
ریتا,female
ریجینا,female
ریحان,female
ریحانه,female
ریرا,female
ریكا,female
ریكان,both
ریما,female
ریو,male
ریواس,female
ریونیز,male
رئو,male
رئوف,male
زَریر,male
زَم,male
زَواره,male
زَهیر,male
زُمرد,female
زاب,male
زاد,male
زادان,male
زادان فر,male
زادان فرخ,male
زادبه,male
زادسرو,male
زادشم,male
زادفرخ,male
زادك,both
زادمن,male
زادمهر,female
زاكیه,female
زاگرس,male
زال,male
زامیاد,male
زامیر,female
زانا,male
زانوس,both
زانیار,male
زاور,male
زاوش,male
زاهده,female
زاهر,male
زائان,male
زائر,male
زبیده,female
زراتشت,male
زراسپ,male
زرافشان,female
زراندام,female
زراوه,male
زربانو,female
زربین,female
زرپری,female
زرتا,female
زرتاج,female
زرتشت,male
زرحیا,male
زرخاتون,female
زرداده,male
زرداشت,male
زردخت,female
زردشت,male
زردهشت,male
زردیس,female
زرستان,female
زرشام,female
زركا,female
زرگل,female
زرگیس,female
زرگیسو,female
زرمان,female
زرمهر,male
زرناز,female
زرنگار,female
زرنگیس,female
زرنوش,female
زروان,male
زروانداد,male
زرواندخت,female
زروانمهر,male
زری,female
زرین,female
زرین بانو,female
زرین چهر,female
زرین دخت,female
زرین كلاه,male
زرین گل,female
زرین گیس,female
زرین مهر,female
زرین نرگسه,female
زرین نگار,female
زرین همای,female
زرین هور,female
زرینه,female
زریون,male
زعفران,female
زعیم,male
زعیم الدین,male
زكریا,male
زكی,male
زكی الدین,male
زكیه,female
زگما,female
زلال,female
زلفعلی,male
زمان,male
زمانه,female
زمران,male
زمزم,female
زمزمه,female
زمیرا,both
زنبق,female
زنگنه,male
زنگو,male
زنگه,male
زوپیر,male
زوپین,male
زوران,male
زوشا,both
زوفا,female
زویا,female
زویین,male
زهرا,female
زهراناز,female
زهره,female
زهید,male
زهیرا,female
زیا,male
زیار,male
زیب النساء,female
زیبا,female
زیبا دخت,female
زیباچهر,female
زیبارخ,female
زیباروی,female
زیبامحمد,male
زیبان,female
زیبنده,female
زیتون,female
زیتون خاتون,female
زیتونه,female
زید,male
زیدان,male
زیدعلی,male
زیرجد,female
زیرك,male
زیگ,male
زین الدین,male
زین العابدین,male
زینا,female
زینال,male
زیناوند,male
زینب,female
زینت,female
زینعلی,male
زیوا,female
زیور,female
زیورتاج,female
زیوین,female
زییده,female
زئوس,both
ژابیز,male
ژاسمن,female
ژاسمین,female
ژافه,male
ژاكلین,female
ژالانه,female
ژاله,female
ژالین,female
ژاماسب,male
ژامك,female
ژان,both
ژانت,female
ژانیا,female
ژانیتا,female
ژانین,female
ژانینا,female
ژاو,male
ژاوا,female
ژاوه,female
ژاییز,male
ژاییژ,female
ژربرا,female
ژرف,male
ژرفا,female
ژرفی,female
ژرفین,female
ژرویرا,female
ژكور,male
ژم,male
ژنگ,male
ژنوا,male
ژنیا,female
ژنیك,female
ژوان,female
ژوبین,male
ژوپین,male
ژورك,male
ژون,female
ژیار,male
ژیان,male
ژیان چهر,female
ژیان دخت,female
ژیژیس,female
ژیكان,female
ژیگس,male
ژیلا,female
ژیلوان,male
ژیله,both
ژینا,female
ژینو,female
ژینوس,female
ژیوار,female
سَپْرَنگ,male
سَتوِش,female
سَروَر,female
سَلم,male
سُرایش,male
سُرخاب,both
سابرینا,female
سابق,male
سابق الدین,male
سابود,female
سابین,both
ساتراپ,female
ساتكین,male
ساتگین,male
ساتی,female
ساتیا,female
ساتیار,male
ساتین,female
ساجده,female
ساحر,female
ساحره,female
ساحل,female
سارا,female
سارال,female
سارالماز,female
سارای,female
ساردین,both
سارگل,female
سارنگ,male
سارنیا,female
سارو,male
ساره,female
ساریان,female
ساریسا,female
سارین,male
سارینا,female
سارینه,female
سازك,female
سازین,female
ساسان,male
ساشا,both
ساطعه,female
ساعد,male
ساعده,female
ساعی,male
ساغر,female
ساقی,female
ساكو,male
سالار,male
سالداش,male
سالسا,female
سالم,male
سالمه,female
سالومه,female
سالی,female
سام,male
ساما,male
سامان,male
سامر,male
سامرند,male
سامره,female
سامه,female
سامیا,male
سامیار,male
سامیان,male
سامیرا,female
سامین,male
سامینا,female
سامینه,female
سامیه,female
سان آی,female
سانا,male
ساناز,female
سانان,male
سانای,female
سانلی,female
سانوا,female
سانیا,female
سانیار,male
ساوا,both
ساوالان,both
ساوان,male
ساورا,male
ساورینا,female
ساوند,female
ساونگ,male
ساوه,male
ساویز,female
ساویس,female
ساوین,female
ساهر,male
ساهره,female
سایا,female
سایان,female
سایر,male
سایروس,male
سایره,female
سایمان,female
ساینا,female
ساینه,female
سایه,female
سبا,female
سبارو,female
سباك,male
سبحان,male
سبحان قلی,male
سبزارنگ,female
سبزبهار,female
سبزپری,female
سبزك,female
سبزه,female
سبزه بهار,female
سبزه قبا,female
سبزینه,female
سبكتین,male
سبلان,male
سپاكو,female
سپتا,female
سپنتا,both
سپنتامن,male
سپند,male
سپندان,male
سپنسار,male
سپهر,male
سپهراد,male
سپهرار,male
سپهرداد,male
سپهرم,male
سپیتا,female
سپیته,female
سپیدار,both
سپیده,female
سپیده گل,female
سپینود,female
ستُرگ,male
ستاتیرا,female
ستار,male
ستاره,female
ستاك,female
ستایش,female
ستوده,female
ستی,female
ستیا,female
سجاد,male
سحاب,male
سحر,female
سحرناز,female
سحرنوش,female
سدا,female
سداب,female
سدرا,male
سدن,female
سدنا,female
سدیدالدین,male
سدیف,male
سراج,male
سراج الدین,male
سرافراز,male
سرافیل,male
سرایه,female
سرآویز,female
سرخ و سفید,female
سرخه,male
سردار,male
سردین,both
سركب,male
سركش,male
سرگل,female
سرمه,female
سرنا,female
سرو,female
سروآزاد,female
سروبن,female
سروتن,female
سروجهان,female
سرور,female
سروش,male
سروشا,female
سروشان,male
سروگل,female
سروناز,female
سروین,female
سریتا,male
سریرا,female
سزاوار,male
سعد,male
سعدالدین,male
سعدی,male
سعید,male
سعیده,female
سفندارمذ,male
سقراط,male
سكندر,male
سكینه,female
سلاله,female
سلجوق,male
سلدا,female
سلدوز,male
سلطان,male
سلطنت,female
سلما,female
سلمان,male
سلمه,female
سلمی,female
سلنا,female
سلوی,female
سلیم,male
سلیمان,male
سلیمه,female
سلینا,female
سما,female
سمارسیس,both
سمان,both
سمانه,female
سمر,female
سمك,male
سمكنان,male
سمن,female
سمن اندام,female
سمن بر,female
سمن پیكر,female
سمن چهر,female
سمن چهره,female
سمن دیس,female
سمن رخ,female
سمن رو,female
سمن سیما,female
سمن گل,female
سمن ناز,female
سمنزار,female
سمنوی,female
سموئیل,male
سمیح,male
سمیر,male
سمیرا,female
سمیرا میس,female
سمیع,male
سمین,female
سمینه,female
سمیه,female
سنا,female
سناءالدین,male
سنان الدین,male
سنباد,male
سنبل,female
سنجر,male
سنجه,male
سندس,female
سندوس,female
سنیا,female
سوان,both
سوبیتای,male
سوتیام,female
سودا,female
سودابه,female
سوده,female
سوران,male
سورن,male
سورنا,male
سوره,female
سوری,female
سوریا,female
سورین,male
سوزان,female
سوژا,female
سوسا,female
سوسن,female
سوسنك,female
سوشا,male
سوشیا,male
سوشیان,male
سوشیانت,male
سوشیانس,male
سوفرا,male
سوفی,female
سوفیا,female
سوگل,female
سوگلی,female
سوگند,female
سولاف,female
سولماز,female
سولینا,female
سوما,male
سومیا,female
سومیتا,female
سومینا,female
سونا,female
سونای,female
سونیا,female
سویل,female
سویل آی,female
سوین,female
سوینچ,female
سها,both
سهام,male
سهام الدین,male
سهراب,male
سهره,male
سهند,male
سهی,female
سهیزاد,female
سهیل,male
سهیلا,female
سی بل,female
سی سام,female
سی سی,female
سی سی كام,female
سی سیماك,male
سی گل,female
سیامك,male
سیامند,male
سیاوخش,male
سیاوش,male
سیاووش,male
سیب گل,female
سیبویه,male
سیتا,female
سیتاك,male
سیحون,male
سیران,female
سیرانوش,female
سیرخ,male
سیرنگ,female
سیروان,male
سیروس,male
سیف الدین,male
سیف الله,male
سیفور,female
سیكا,male
سیلوانا,female
سیم تن,female
سیما,female
سیمبر,female
سیمرخ,female
سیمروی,female
سیمك,male
سیمگون,female
سیمیا,female
سیمین,female
سیمین تن,female
سیمین چهر,female
سیمین دخت,female
سیمین رخ,female
سیمینه,female
سینا,male
سینار,male
سیناك,male
سیندخت,female
سینره,female
سیوان,male
شابرزین,male
شابهار,male
شاپرك,female
شاپری,female
شاپور,male
شاخ شمشاد,female
شاخ نبات,female
شاخسار,female
شاداب,female
شادان,female
شادان بانو,female
شادان برزین,male
شادان هرمز,male
شادانه,female
شادآفرید,female
شادبانو,female
شادبه,male
شادبهر,female
شادپری,female
شادتگین,male
شادخاتون,female
شاددخت,female
شاددل,female
شادرخ,female
شادرو,female
شادروز,female
شادروی,female
شادفر,female
شادك,female
شادكام,female
شادكامه,female
شادكان,male
شادگل,female
شادگون,female
شادلی,male
شادلین,female
شادمان,female
شادمانه,female
شادمهر,male
شادن,male
شادناز,female
شادنوش,female
شادور,female
شادی,female
شادی افزا,female
شادی آور,female
شادیا,female
شادیار,male
شادیان,female
شادیانه,female
شار,male
شاران,female
شارك,female
شارمین,female
شارمینا,female
شارو,male
شاروسین,male
شارونا,both
شارویه,male
شاریس,female
شارین,female
شارینا,female
شاسپرم,female
شاعی,male
شاكر,male
شاكل,male
شالیزار,female
شامان,female
شامل,male
شامیرام,female
شانا,female
شاندیز,both
شانلی,male
شانو,female
شانیا,male
شاور,male
شاوران,male
شاوگ,male
شاویس,male
شاه اسپرم,female
شاه آذر,female
شاه آفرید,female
شاه بانگ,female
شاه برزین,male
شاه بهرام,male
شاه پر,male
شاه پرك,female
شاه پرند,female
شاه پری,female
شاه پسند,female
شاه پونه,female
شاه جهان,female
شاه خاتون,female
شاه سرور,male
شاه صنم,female
شاه فرید,female
شاه محمد,male
شاه مراد,male
شاه موبد,male
شاه ناز,female
شاه هژبر,male
شاها,both
شاهارا,male
شاهبانو,female
شاهپور,male
شاهجان,female
شاهد,male
شاهدانه,female
شاهدخت,female
شاهدیس,male
شاهر,male
شاهرخ,male
شاهرو,female
شاهروز,male
شاهسار,male
شاهسون,male
شاهفرند,female
شاهفور,male
شاهقلی,male
شاهك,male
شاهكار,male
شاهكام,male
شاهگل,female
شاهمیر,male
شاهنده,both
شاهنگ,both
شاهو,male
شاهوش,male
شاهوی,male
شاهیار,male
شاهیده,female
شاهین,male
شایا,female
شایار,male
شایان,male
شایان دخت,female
شایسته,female
شایگان,male
شایلی,female
شاین,female
شاینا,both
شایورد,male
شب افروز,female
شب آرا,female
شب بو,female
شب پره,female
شب دخت,female
شب ناز,female
شباب,both
شبان,male
شباویز,male
شباهنگ,female
شبدیس,female
شبگون,female
شبلی,male
شبنا,male
شبنم,female
شبیب,male
شبیر,male
شجاع الدین,male
شجاع الملك,male
شداد,male
شراره,female
شرافت,female
شراكیم,male
شرف,male
شرف الدین,male
شرف الزمان,male
شرمیلا,female
شرمین,female
شرمین دخت,female
شرمینه,female
شروان,male
شروانه,female
شروین,male
شری,female
شریف,male
شریف الدین,male
شرین,female
شعبان,male
شعری,female
شعله,female
شعیب,male
شغاد,male
شفا,male
شفروه,male
شفق,female
شفیع,male
شفیعه,female
شفیقه,female
شقاقل,female
شقایق,female
شقیق,male
شكال,female
شكر,female
شكرالله,male
شكربانو,female
شكردخت,female
شكرعلی,male
شكرناز,female
شكرین,female
شكفته,female
شكور,male
شكوفا,female
شكوفه,female
شكوه,female
شكوه دخت,female
شكوه ناز,female
شكوهنده,female
شكوهه,female
شكیب,male
شكیبا,female
شكیبه,female
شكیل,male
شكیلا,female
شگون,female
شلاله,female
شلیخا,male
شلیر,female
شماخ,male
شماس,male
شماساس,male
شمایل,female
شمس,male
شمس الدین,male
شمس الملوك,female
شمس الهدی,male
شمس ایران,female
شمسا,female
شمسی,female
شمشاد,female
شمشیر,male
شمعون,male
شمه,female
شمیرا,female
شمیران,male
شمیس,female
شمیسا,female
شمیسه,female
شمیل,male
شمیلا,female
شمیم,female
شمیمه,female
شمینه,male
شناز,female
شناسا,female
شنایا,female
شنبلید,female
شنتیا,male
شنطوس,male
شنگان,male
شنگل,male
شوان,male
شوانه,female
شوخ شنگ,female
شود,female
شورانگیز,female
شورآفرین,female
شورعلی,male
شوشا,female
شوق انگیز,female
شوق علی,male
شوكا,female
شوكت,female
شه موبد,male
شهاب,male
شهاب الدین,male
شهباز,male
شهبال,male
شهبان,male
شهبانو,female
شهبد,male
شهپر,female
شهداد,male
شهدخت,female
شهددخت,female
شهدیس,female
شهراد,male
شهراز,female
شهرام,male
شهران,male
شهرآرا,female
شهرآزاد,male
شهرآشوب,both
شهرآگیم,male
شهربان,male
شهربانو,female
شهرتاش,male
شهرخ,both
شهرخواست,male
شهرداد,male
شهردخت,female
شهرزاد,female
شهرسپ,male
شهرگان,male
شهرگل,female
شهرگیر,male
شهرناز,female
شهرنواز,female
شهرنوش,both
شهرو,both
شهروان,male
شهرود,both
شهروز,male
شهروین,male
شهرویه,female
شهره,female
شهریار,male
شهرین,male
شهریور,male
شهزاد,female
شهزاده,female
شهسان,male
شهفور,male
شهگل,female
شهلا,female
شهمردان,male
شهمیر,male
شهناز,female
شهنام,male
شهنواز,female
شهنوش,male
شهیاد,male
شهیار,male
شهیر,male
شهیره,female
شهین,female
شهین بانو,female
شیانا,male
شیبا,female
شیبان,male
شیبت,male
شیث,male
شید,both
شیدا,female
شیداب,male
شیدبانو,female
شیدخت,female
شیددخت,female
شیدر,female
شیدرخ,female
شیدرنگ,male
شیدسب,male
شیدوش,male
شیده,female
شیرات,female
شیراحمد,male
شیراك,male
شیران,male
شیرآزاد,male
شیرخون,male
شیردل,male
شیرزاد,male
شیرزن,female
شیرزیل,male
شیرعلی,male
شیرگل,female
شیرمحمد,male
شیرو,male
شیرویه,male
شیرین,female
شیرین بانو,female
شیرین جهان,female
شیرین دخت,female
شیرین گل,female
شیفته,female
شیلا,female
شیلان,female
شیلر,female
شیما,female
شینا,female
شیناب,female
شیناز,female
شیوا,female
شیوه,both
صاباح گل,female
صابر,male
صابره,female
صابرین,female
صاحب,male
صادق,male
صادقه,female
صارم,male
صاعد,male
صالح,male
صالحه,female
صانع,male
صایب,male
صاین,male
صائب,male
صائم,male
صائن,male
صائن الدین,male
صبا,female
صباح,male
صباحت,female
صبار,male
صبح آسا,female
صبح جبین,female
صبح چهر,female
صبح چهره,female
صبرا,female
صبرناز,female
صبرینه,female
صبریه,female
صحرا,female
صحو,female
صدا,female
صداقت,both
صدپر,female
صدر,male
صدرا,male
صدرالدین,male
صدران,male
صدف,female
صدوق,male
صدیده,male
صدیق,male
صدیقا,male
صدیقه,female
صغری,female
صفا,male
صفار,male
صفاعلی,male
صفاناز,female
صفدر,male
صفر,male
صفورا,female
صفی,male
صفی الدین,male
صفی الله,male
صفیعلی,male
صفیه,female
صلات,male
صلاح,male
صلاح الدین,male
صمد,male
صمدالله,male
صمصام,male
صمیم,male
صنعان,male
صنم,female
صنم بر,male
صنم دخت,female
صنم رو,female
صنم گل,female
صنم ناز,female
صنوبر,female
صوفیا,female
صونا,female
صهبا,female
صیاد,male
صیام,male
ضحا,both
ضحاك,male
ضحی,female
ضرغام,male
ضرغامه,female
ضیا,male
ضیاءالدین,male
ضیافت,male
ضیغم,male
طارق,male
طالب,male
طالع,male
طالوت,male
طاوس,female
طاووس,female
طاها,male
طاهر,male
طاهره,female
طائر,male
طباطبا,male
طراوت,female
طرب انگیز,female
طرب آرا,female
طرحان,male
طرخان,male
طرفه,female
طرق,male
طرلان,female
طره,female
طره خاتون,female
طرهان,male
طغاتركان,female
طغاتیمور,male
طغان,male
طغرل,male
طلا,female
طلاسان,female
طلاگون,female
طلاناز,female
طلایه,female
طلب علی,male
طلحه,male
طلعت,female
طلوع,female
طلیعه,female
طمغاج,male
طناز,female
طنان,female
طنین,female
طوبی,female
طورگ,male
طوس,male
طوش,male
طوطی,female
طوطیا,female
طوطیانوش,male
طوفان,male
طه,male
طهماسپ,male
طهمورث,male
طهور,male
طهورا,female
طیب,male
طیبه,female
طیفور,male
طیلا,female
طینوش,male
طیهوج,male
ظافر,male
ظریف,both
ظریفه,female
ظفر,male
ظفرداد,male
ظفردخت,female
ظهور,male
ظهیرالدین,male
ظهیره,female
عابد,male
عابده,female
عابس,male
عاتكه,female
عاد,male
عادل,male
عادله,female
عادیات,female
عارف,male
عارف پاشا,male
عارفه,female
عاشق,male
عاشور,male
عاصفه,female
عاصم,male
عاطف,male
عاطفه,female
عاقله,female
عاكف,male
عالم,female
عالم تاج,female
عالمه,female
عالیه,female
عامر,male
عامره,female
عاموس,male
عایشه,female
عباد,male
عبادالله,male
عباس,male
عبدالامین,male
عبدالباسط,male
عبدالباقی,male
عبدالجبار,male
عبدالجلیل,male
عبدالجواد,male
عبدالحسن,male
عبدالحسین,male
عبدالحق,male
عبدالحلیم,male
عبدالحمید,male
عبدالحی,male
عبدالخالق,male
عبدالرحمان,male
عبدالرحمن,male
عبدالرحیم,male
عبدالرزاق,male
عبدالرسول,male
عبدالرشید,male
عبدالرضا,male
عبدالرفیع,male
عبدالستار,male
عبدالصمد,male
عبدالعزیز,male
عبدالعظیم,male
عبدالعلی,male
عبدالغفار,male
عبدالغفور,male
عبدالغنی,male
عبدالفتاح,male
عبدالقادر,male
عبدالقاهر,male
عبدالكریم,male
عبداللطیف,male
عبدالله,male
عبدالمجید,male
عبدالمحمد,male
عبدالملك,male
عبدالناصر,male
عبدالنبی,male
عبدالواحد,male
عبدالوهاب,male
عبدالهادی,male
عبیدالله,male
عثمان,male
عجب نوش,female
عدل,male
عدن,male
عدنان,male
عذرا,female
عرشیا,male
عرشیان,female
عرفان,male
عرفانه,female
عروج,male
عزالدین,male
عزالنسا,female
عزت,both
عزت الزمان,female
عزت السادات,female
عزت الله,male
عزت الملوك,female
عزت بانو,female
عزت زمان,female
عزت ملك,female
عزت نسا,female
عزرا,male
عزیر,female
عزیز,male
عزیزالدین,male
عزیزالله,male
عزیزه,female
عسكر,male
عسل,female
عسل ناز,female
عشرت,female
عشرت الملوك,female
عصار,male
عصمت,female
عصمت الملوك,female
عضد,male
عضدالدین,male
عضدالملك,male
عطا,male
عطاالله,male
عطارد,male
عطرسای,female
عطرین,female
عطیة الله,female
عطیه,female
عظیم,male
عظیمه,female
عفاف,female
عفت,female
عفیف الدین,male
عفیفه,female
عقیق,female
عقیل,male
عقیله,female
علا,male
علوان,male
علویه,female
علی,male
علی اصغر,male
علی اكبر,male
علی داد,male
علی مراد,male
علی مردان,male
علی نقی,male
علی یار,male
علیا,female
علیرضا,male
علیم,male
عماد,male
عمادالدین,male
عمادالملك,male
عمار,male
عمران,male
عمرو,male
عمید,male
عمیدالدین,male
عنایت,male
عنایت الله,male
عنبر,female
عنبربو,female
عندلیب,male
عنقا,female
عهدیه,female
عیار,male
عیسا,male
عیسی,male
عین الدین,male
عین الزمان,male
عین الله,male
عینعلی,male
غاتفر,male
غاثر,male
غازان,male
غازی,male
غالب,male
غانیه,female
غباد,male
غدیر,male
غدیره,female
غزال,female
غزاله,female
غزل,female
غزل ناز,female
غضنفر,male
غفار,male
غفور,male
غلام,male
غلامرضا,male
غلامعلی,male
غمزه,female
غنج,female
غنچه,female
غوغا,female
غیاث,male
غیاث الدین,male
فَرَوَشی,male
فَرهود,male
فاتح,male
فاتك,male
فاتن,female
فاتیما,female
فاخته,female
فادیا,both
فارا,female
فارد,male
فارناس,male
فارناسس,male
فارناك,male
فاروق,male
فارهه,female
فاریاب,male
فاسیروس,female
فاضل,male
فاطر,male
فاطمه,female
فاطمه زهرا,female
فاطن,male
فاطیما,female
فام گل,female
فانیذ,female
فایحه,female
فایدیم,female
فایز,male
فایض,male
فایضه,female
فایق,male
فایقه,female
فائحه,female
فائز,male
فائزه,female
فائض,male
فائضه,female
فائقه,female
فتاح,male
فتانه,female
فتح الدین,male
فتح الله,male
فتحعلی,male
فتنه,female
فتوت,male
فخرالدین,male
فخرالزمان,female
فخرالسادات,female
فخرالملك,male
فخرالملوك,female
فخرایران,female
فخرآفاق,female
فخرجهان,female
فخرگل,female
فخری,female
فخیم,male
فخیمه,female
فداك,male
فرابرز,male
فراتاگون,female
فراچهر,female
فرادخت,male
فراراد,male
فرارنگ,female
فراز,both
فرازان,male
فرازمان,male
فرازمند,male
فرازنده,female
فراست,male
فراسیاك,male
فرام,male
فرامرز,male
فرانسیس,male
فرانك,female
فرانه,female
فراوك,male
فراهت,female
فراهل,male
فراهیم,male
فراهین,male
فراییم,male
فرایین,male
فرآذر,female
فربُد,male
فربو,female
فربود,male
فربین,male
فرپرك,female
فرتاش,male
فرتوس,male
فرتوك,female
فرج,male
فرجاد,male
فرجام,male
فرجود,male
فرجهان,female
فرح,female
فرح انگیز,female
فرح بانو,female
فرح بخش,female
فرح دخت,female
فرح نوش,female
فرحان,male
فرحانه,female
فرحت,male
فرحتاج,female
فرحناز,female
فرخ,male
فرخ بانو,female
فرخ بخش,female
فرخ بد,male
فرخ به,male
فرخ پی,male
فرخ تاج,female
فرخ تاش,male
فرخ چهر,female
فرخ داد,male
فرخ زات,male
فرخ زند,male
فرخ شاد,male
فرخ لقا,female
فرخ ماه,female
فرخ ناز,female
فرخ یار,male
فرخ یسار,male
فرخروز,female
فرخزاد,male
فرخنده,female
فرخنده پی,male
فرخنده چهر,female
فرداد,male
فرداد منش,male
فردان,male
فردخت,female
فردوس,both
فردیس,female
فردین,male
فرزاد,male
فرزام,male
فرزان,male
فرزان دخت,female
فرزانه,female
فرزن,male
فرزنه,male
فرزیان,male
فرزین,male
فرساد,male
فرسام,male
فرستو,female
فرسمن,male
فرسیما,female
فرش آورد,male
فرشاد,male
فرشاسب,male
فرشته,female
فرشوشتر,male
فرشید,male
فرشیدورد,male
فرشیده,female
فرشیم,male
فرصت,male
فرض,male
فرطوس,male
فرغار,male
فرغان,male
فرغانه,female
فرقان,male
فرقد,male
فرگل,female
فرگون,female
فرمان,male
فرمد,male
فرمند,male
فرمنش,male
فرمهر,female
فرمیسك,female
فرمین,male
فرناد,male
فرناز,female
فرناس,male
فرناك,male
فرنام,male
فرند,male
فرنگار,female
فرنگیز,female
فرنگیس,female
فرنو,female
فرنواز,female
فرنود,male
فرنور,male
فرنوش,female
فرنوشا,female
فرنی,female
فرنیا,female
فرنیان,female
فرواك,male
فرود,male
فرورتیش,male
فروردین,female
فروز,female
فروزا,female
فروزاتون,female
فروزان,female
فروزانفر,male
فروزجهان,female
فروزش,female
فروزنده,female
فروزینه,female
فروشنك,female
فروغ,female
فروغ بانو,female
فروغ دخت,female
فروهر,male
فروهل,male
فروهنده,female
فره وش,female
فرهاد,male
فرهام,male
فرهان,male
فرهت,female
فرهمند,male
فرهناز,female
فرهنگ,both
فرهور,female
فرهوش,male
فرهوشداد,male
فرهومند,male
فری توس,male
فریاد,both
فریار,female
فریال,female
فریان,male
فریانه,female
فریبا,female
فریبرز,male
فریتون,male
فرید,male
فریدالدین,male
فریدالزمان,male
فریدخت,female
فریدون,male
فریده,female
فریر,female
فریرخ,female
فریرو,female
فریسا,female
فریشا,female
فریشاد,male
فریضه,female
فریما,female
فریمان,male
فریمانه,female
فریماه,female
فریمن,male
فریمند,male
فرین,female
فرین دخت,female
فرینا,female
فریناز,female
فرینام,male
فرینوش,male
فریوش,female
فریین,male
فصیح,male
فصیح الدین,male
فصیح الزمان,male
فصیح الملك,male
فصیحه,female
فضل,male
فضل الله,male
فضه,female
فضیل,male
فضیلت,female
فغان,female
فغانیش,male
فغستان,female
فكرعلی,male
فلامك,female
فلق,male
فلك الدین,male
فلك تاج,female
فلك وش,female
فلكناز,female
فلور,female
فلورا,female
فلوریا,female
فور,male
فوزیه,female
فوژان,female
فوكا,male
فوگان,male
فولاد,both
فهیمه,female
فؤاد,male
فیاض,male
فیروز,male
فیروزان,male
فیروزخاتون,female
فیروزه,female
فیض,male
فیض الله,male
قابل,male
قابوس,male
قابیل,male
قادر,male
قارن,male
قارون,male
قازان,male
قاسم,male
قاصدك,female
قالوس,male
قاهر,male
قاهره,female
قائد,male
قائم,male
قباد,male
قبیله,male
قدرت,male
قدرت الله,male
قدسی,female
قدسیه,female
قدیر,male
قدیس,male
قدیسه,female
قراتكین,male
قربان,male
قربان علی,male
قرة العین,female
قرنفل,female
قشنگ,female
قشنگ گل,female
قصیده,female
قطب الدین,male
قطره,female
قلندر,male
قلیچ,male
قمر,female
قمرالدین,male
قمرالزمان,female
قمرالملوك,female
قمرتاج,female
قمرسیما,female
قمرناز,female
قمری,female
قنبر,male
قوام الدین,male
قوام الملك,male
قهار,male
قهرمان,male
قیدافه,female
قیزبس,female
قیصر,male
قیطون,male
قیوم,male
كُنیا,female
كابی,male
كاترین,female
كاترینا,female
كاتیا,female
كاد,male
كارانوس,male
كاردار,male
كارمن,female
كارن,male
كارنگ,male
كارولین,female
كاروند,male
كارینا,male
كاس,female
كاساندان,female
كاشین,female
كاظم,male
كافور,male
كافی,male
كافی الدین,male
كاكله,male
كاكو,male
كاكی,male
كال,male
كالو,male
كامبوزیا,male
كامبیز,male
كامجو,male
كامداد,male
كامدل,female
كامدین,male
كامران,male
كامروا,both
كامشاد,male
كامكار,male
كامگار,male
كامله,female
كاملیا,female
كاملین,female
كامنوش,male
كاموس,male
كامه,female
كامیاب,male
كامیار,male
كامیشا,female
كامیلا,female
كان بیدار,male
كاناز,female
كانی,female
كاوان,male
كاوك,male
كاووس,male
كاووش,male
كاوه,male
كاویان,male
كاویش,female
كایوس,male
كبرا,female
كبری,female
كبریا,female
كبوجیه,male
كبوده,male
كبیتا,female
كتایون,female
كتماره,male
كدمان,male
كدیور,male
كرا,female
كراخان,male
كرام الدین,male
كرامت,male
كرانه,female
كردعلی,male
كرشمه,female
كرم,male
كرم الله,male
كروخان,male
كریشنا,male
كریم,male
كریمه,female
كژال,female
كسا,male
كسرا,male
كسری,male
كشم,female
كشواد,male
كشور,female
كشوربانو,female
كلارا,female
كلاله,female
كلاهور,male
كلباد,male
كلثوم,female
كلیم الله,male
كمال,male
كمال الدین,male
كمال الملك,male
كمانگیر,male
كمانه,female
كمبوجیه,male
كمند,female
كمیل,male
كنارنگ,male
كندر,male
كندرو,male
كوت,male
كوثر,female
كوچك,male
كوچیار,female
كورش,male
كورنگ,male
كوروس,male
كوروش,male
كوش,male
كوشا,male
كوشاد,male
كوشان,male
كوشانه,female
كوشك,female
كوشیار,male
كوكب,female
كوكبه,female
كولیار,male
كوهرنگ,male
كوهسار,male
كوهشاد,male
كوهیار,male
كوهین,male
كوهینه,female
كهار,male
كهربا,female
كهرم,male
كهسار,female
كهیلا,male
كی آذر,male
كی آرمین,male
كی آفرید,female
كی آفرین,female
كی بانو,female
كی پیشین,male
كی دخت,female
كی راد,male
كی زاد,male
كی گشتاسپ,male
كی منوش,male
كیا,male
كیاجور,male
كیاچهر,male
كیادخت,female
كیارا,female
كیاراد,male
كیارخ,male
كیارزم,male
كیارس,male
كیارش,male
كیارنگ,both
كیازاد,both
كیازند,male
كیاشا,male
كیان,male
كیان بانو,female
كیان شیر,male
كیانا,female
كیاندخت,female
كیانمهر,male
كیانوش,male
كیانه,female
كیاوش,male
كیجا,female
كیجانا,female
كیخسرو,male
كیسان,male
كیسر,female
كیقباد,male
كیكاووس,male
كیمیا,female
كیناز,female
كیوان,male
كیوان بانو,female
كیوان دخت,female
كیوانچهر,female
كیوانرخ,female
كیوانزاد,female
كیوس,male
كیومرث,male
كیهان,male
كیهان دخت,female
كیهانه,female
گَرشاسب,male
گاتا,female
گارنیك,male
گالوس,male
گایار,male
گباد,male
گرامی,male
گرامیدخت,female
گرانخوار,male
گرانمایه,male
گرانمهر,female
گراهون,male
گرایش,male
گرداب,male
گردآزاد,male
گردآفرید,female
گردآفرین,female
گردگیر,male
گردو,male
گردیا,female
گردیك,both
گردیه,female
گرزم,male
گرزن,male
گرستون,male
گرسیوز,male
گرگین,male
گرمانك,male
گرمایل,male
گروخان,male
گروی,male
گزل,female
گژدهم,male
گژگین,male
گستهم,male
گشتا,female
گشتاسب,male
گشتاسپ,male
گشسپ,male
گشواد,male
گل,female
گل افروز,female
گل افسر,female
گل افشان,female
گل اندام,female
گل آذین,female
گل آرا,female
گل آسا,female
گل آفرید,female
گل آگین,female
گل آور,female
گل آویز,female
گل آیین,female
گل بالا,male
گل پر,female
گل پرست,female
گل پری,female
گل پناه,female
گل پیكر,female
گل تاج,female
گل تن,female
گل جهان,female
گل خند,female
گل دانه,female
گل دخت,female
گل دوست,female
گل ربا,female
گل سیما,female
گل شاد,female
گل گونه,female
گل نسا,female
گل وش,female
گلاب,female
گلابتون,female
گلاره,female
گلاسا,female
گلال,female
گلالان,both
گلاله,female
گلاویژ,female
گلایل,female
گلایول,female
گلایون,female
گلباد,both
گلباران,female
گلباش,female
گلبان,female
گلبانو,female
گلبر,female
گلبرگ,female
گلبن,female
گلبو,both
گلبوته,female
گلبهار,female
گلبیز,female
گلپاد,female
گلپونه,female
گلچهر,female
گلچهره,female
گلچین,female
گلدسته,female
گلدیس,female
گلرخ,female
گلرخسار,female
گلرنگ,female
گلرو,female
گلروی,female
گلریز,female
گلزاد,female
گلزار,female
گلسا,female
گلسان,female
گلستان,female
گلستانه,female
گلسر,female
گلسو,female
گلشا,female
گلشاه,male
گلشن,female
گلشهر,female
گلشید,female
گلعذار,female
گلفام,female
گلفشان,female
گلگله,male
گلگون,female
گلنار,female
گلناز,female
گلنام,female
گلندام,female
گلنواز,female
گلنوش,female
گلوریا,female
گلی,female
گلی ناز,female
گلیا,female
گلیار,female
گلین,female
گندم,female
گندمك,female
گوارا,male
گودرز,male
گورنگ,male
گوزل,male
گوشیار,male
گوطلا,female
گولی,female
گوهر,female
گوهرافروز,female
گوهرآرا,female
گوهربانو,female
گوهرتاب,female
گوهرتاج,female
گوهرتاش,female
گوهرچهر,female
گوهردخت,female
گوهرزاد,female
گوهرسان,female
گوهرشاد,female
گوهرشید,female
گوهرفشان,female
گوهرملك,female
گوهرناز,female
گوهرنگار,female
گوهره,female
گوهرین,female
گهار,male
گهر,female
گهربانو,female
گهرچهر,female
گهردخت,female
گهرناز,female
گهرنگار,female
گیتا,female
گیتی,female
گیتی ناز,female
گیسو,female
گیسیا,female
گیل,male
گیلار,female
گیلاكو,female
گیلانا,female
گیلدا,female
گیلنار,female
گیلو,male
گیلوا,female
گیو,male
گیهان,female
لَچَك,female
لابان,male
لاچین,female
لادبن,female
لادن,female
لار,both
لارما,both
لاریسا,female
لاله,female
لاله چهر,female
لاله دخت,female
لاله رخ,female
لاله رخسار,female
لاله رو,female
لاله زار,female
لاله گون,female
لاله وش,female
لامیا,female
لاوان,male
لاون,female
لاوین,male
لایه,female
لبخند,female
لبخنده,female
لبیب,male
لبینا,female
لتكا,female
لسان الدین,male
لطف الدین,male
لطف الله,male
لطفعلی,male
لطیف,male
لطیفه,female
لعبت,female
لعل,female
لعیا,female
لقمان,male
لمیا,female
لمیس,female
لنا,male
لنبك,male
لنیا,female
لواده,male
لورا,female
لهاك,male
لهراسب,male
لهراسپ,male
لؤلؤ,female
لیا,female
لیالی,female
لیان,female
لیبرا,both
لیبه,female
لیث,male
لیدا,female
لیزا,female
لیسا,female
لیلا,female
لیلی,female
لیلیا,female
لیلیان,female
لیمو,female
لینا,female
لیندا,female
لیو,female
لیوه,male
لئا,female
مَشیانه,female
مِهراب,male
ماتیار,male
ماتیسا,female
ماتیكان,male
ماتینا,female
ماجان,female
ماجد,male
ماجده,female
ماحوز,male
ماخ,male
مادیا,female
مادیس,male
ماراسپند,male
ماراسفند,male
مارال,female
مارتا,female
مارتیك,male
مارتین,male
ماردین,male
مارگاریتا,female
مارگریت,female
مارلین,female
ماروسپند,male
ماری,female
ماریا,female
ماریان,female
مارینا,female
ماریه,female
مازار,male
مازنه,male
مازیار,male
ماسا,female
ماسیس,both
ماشاءالله,male
ماشگانا,female
ماكان,male
ماگنولیا,female
مالك,male
مالكه,female
مامك,female
مامو,female
مامیثا,female
مانا,female
ماناسه,male
مانای,male
مانترَه,female
مانترا,female
ماندا,male
ماندان,female
ماندانا,female
ماندگار,male
ماندوی,female
مانك,female
مانگ,female
مانلی,both
مانند,female
مانوش,male
مانوشا,female
مانوشاك,female
مانه,female
مانی,male
مانیا,female
مانیان,female
مانیوك,female
ماورد,female
ماونداد,male
ماه آذر,both
ماه آفرید,female
ماه آفرین,female
ماه بانو,female
ماه برزین,male
ماه بنداد,male
ماه به,female
ماه بی بی,female
ماه پرن,female
ماه پری,female
ماه پیكر,female
ماه تابان,female
ماه جبین,female
ماه جهان,female
ماه چهره,female
ماه خاتون,female
ماه خانم,female
ماه خدای,female
ماه رخسار,female
ماه روی,female
ماه زیور,female
ماه سیما,female
ماه شاد,female
ماه شید,female
ماه صنم,female
ماه طلعت,female
ماه فرزین,male
ماه گشسپ,male
ماه لقا,female
ماه منظر,female
ماه منیر,female
ماه مهر,male
ماه نسا,female
ماهان,male
ماهانداد,male
ماهانه,female
ماهایا,female
ماهبد,female
ماهپاره,female
ماهتا,female
ماهتاب,female
ماهتاج,female
ماهتیسا,female
ماهچهر,female
ماهد,male
ماهداد,male
ماهدخت,female
ماهدیس,female
ماهر,male
ماهرخ,female
ماهرو,female
ماهزاد,female
ماهك,female
ماهكان,female
ماهگل,female
ماهناز,female
ماهناك,female
ماهنوش,female
ماهنی,female
ماهو,male
ماهوار,both
ماهور,female
ماهوش,female
ماهونداد,male
ماهویه,female
ماهی,female
ماهیار,male
ماهین,female
مایا,female
مائده,female
مأمون,male
مبارزالدین,male
مبارك,male
مباركه,female
مبین,male
مبینا,female
متی,male
متین,male
متینه,female
مجتبی,male
مجد,male
مجدالدین,male
مجدود,male
مجذوب,female
مجید,male
مجیر,male
مجیرالدین,male
محب الدین,male
محبت,female
محبوب,female
محبوبه,female
محترم,female
محتشم,male
محدث,male
محدثه,female
محراب,male
محرم,male
محسن,male
محسنه,female
محمد,male
محمد صالح,male
محمد كیا,male
محمد هادی,male
محمدامین,male
محمدآئین,male
محمدپارسا,male
محمدجواد,male
محمدحسین,male
محمدرضا,male
محمدطاها,male
محمدعباس,male
محمدعلی,male
محمدمتین,male
محمدمهدی,male
محمدیار,male
محمدیاسین,male
محمود,male
محنا,female
محی الدین,male
محیا,female
محیصا,female
محیط,male
محیی,male
مختار,male
مخمل,female
مدریك,male
مدیا,female
مدیسه,female
مدینه,female
مدیوماه,male
مراد,male
مرتضی,male
مرجان,female
مرجانه,female
مرجون,female
مرحان,female
مرحمت,female
مرداس,male
مردافكن,male
مردان شه,male
مرداویج,male
مردآوند,female
مردو,male
مرسا,male
مرسده,female
مرسل,male
مرسیا,female
مرشد,male
مرصاد,male
مرصع,female
مرضیه,female
مرمر,female
مرمرین,female
مروا,female
مروارید,female
مروان,male
مروانه,female
مریس,female
مریم,female
مزدا,male
مزدك,male
مژان,female
مژده,female
مژگان,female
مسباد,male
مستانه,female
مستوره,female
مسرور,female
مسعود,male
مسلم,male
مسلمه,female
مسیب,male
مسیح,male
مسیحا,female
مشتاق,male
مشرف,male
مشرف الدین,male
مشك,female
مشكات,female
مشكان,male
مشكاه,female
مشكدانه,female
مشكناز,female
مشكنك,female
مشكین,female
مشهود,male
مشهور,male
مشی,male
مشیا,male
مشیت,male
مشید,male
مشیر,male
مشیرالدین,male
مشیما,female
مصباح,male
مصطفی,male
مصفا,male
مصلح,male
مصلح الدین,male
مصیب,male
مطهر,male
مطهره,female
مطیب,male
مطیع الله,male
مظاهر,male
مظفر,male
مظفرالدین,male
مظفرعلی,male
مظهر,male
معاد,male
معتصم,male
معتضد,male
معتقد,male
معتمد,male
معراج,male
معزالدین,male
معصوم,female
معصومه,female
معطی,male
معظمه,female
معمر,male
معید,male
معین,male
معین الدین,male
مقبل,male
مقبله,female
مقتدر,male
مقداد,male
مقدسه,female
مقصد,male
مقصود,male
مقصوده,female
مقیما,male
مكابیز,male
مكرمه,female
مكینا,female
مكیناس,female
مكیه,female
مگابیز,male
ملاحت,female
ملك,female
ملك بانو,female
ملك تاج,female
ملك ناز,female
ملكا,male
ملكان,male
ملكه,female
ملورین,female
ملوس,female
ملوك,female
ملیحه,female
ملیسا,female
ملیكا,female
ملیكه,female
ملیله,female
ملینا,female
منا,female
منال,female
منجوق,female
منجیك,male
مندا,male
مندی,male
منذر,male
منشور,male
منصور,male
منصوره,female
منظر,female
منوچهر,male
منوره,female
منوش,male
منوشان,male
منوشچهر,male
منوشفر,male
منیر,female
منیره,female
منیژه,female
مورد,female
موژان,female
موسی,male
موشا,male
موكا,female
مولود,female
مونا,female
مونجوق,female
مونس,female
مونیكا,female
مویز,male
مه پاره,female
مه پیكر,female
مه جبین,female
مه زاد,both
مه سیما,female
مه فروز,female
مه فروغ,female
مه گل,female
مه لقا,female
مه یاس,female
مها,female
مهابت,male
مهام,male
مهان,male
مهبا,female
مهباد,male
مهبان,female
مهبد,male
مهبود,male
مهتا,female
مهتاب,female
مهتاج,female
مهترا,female
مهدا,female
مهداد,male
مهدخت,female
مهدی,male
مهدیا,female
مهدیار,male
مهدیس,female
مهدیسا,female
مهدیسه,female
مهدیه,female
مهذب الدین,male
مهر,female
مهر آریا,female
مهر آئین,female
مهر رخسار,female
مهرا,female
مهراج,male
مهراد,male
مهراز,male
مهراس,male
مهراسا,female
مهراسپند,male
مهرافروز,female
مهرافزا,female
مهرافزون,female
مهرافشان,female
مهرام,male
مهران,male
مهران ستاد,male
مهرانا,female
مهراندیش,female
مهرانگیز,female
مهرانه,female
مهراوه,female
مهرآذر,female
مهرآذین,female
مهرآزاد,male
مهرآسا,female
مهرآفرید,female
مهرآگین,female
مهرآمیز,female
مهرآور,female
مهربُرزین,male
مهربان,female
مهربانو,female
مهربد,male
مهربنداد,male
مهرپرور,male
مهرپوی,male
مهرپویا,male
مهرپیكر,male
مهرتا,female
مهرتاب,female
مهرتاش,male
مهرجو,male
مهرچهر,female
مهرچین,female
مهرخ,female
مهرداد,male
مهردار,male
مهردخت,female
مهردیس,female
مهرزاد,both
مهرسا,female
مهرسام,male
مهرشاد,male
مهرشید,female
مهرك,both
مهركیش,female
مهرگان,both
مهرگل,female
مهرمَس,male
مهرماه,male
مهرمنیر,female
مهرناز,female
مهرنرسه,male
مهرنسا,female
مهرنگ,both
مهرنگار,female
مهرنواز,female
مهرنوش,female
مهرنیا,male
مهرو,female
مهروز,female
مهروش,female
مهروی,female
مهری,female
مهریاد,male
مهریار,male
مهریز,female
مهریماه,female
مهرین,both
مهزیار,male
مهسا,female
مهسان,female
مهسانه,female
مهست,male
مهستا,female
مهستی,female
مهشاد,female
مهشید,female
مهفام,female
مهكامه,female
مهكیا,female
مهلا,female
مهنا,female
مهناز,female
مهنام,male
مهند,male
مهنور,female
مهنوش,female
مهنیا,female
مهوش,female
مهیا,female
مهیاد,male
مهیار,male
مهیاره,female
مهیتا,female
مهیره,female
مهیمنه,female
مهین,female
مهین دخت,female
میترا,female
میثاق,male
میثم,male
میچكا,female
میحاد,male
میخائیل,male
میخك,female
میران,male
میرانه,female
میرتو,female
میرو,male
میریام,female
میرین,male
میسا,female
میسان,female
میشا,both
میشان,male
میشانه,female
میشكا,female
میشواك,male
میشه,male
میشی,female
میعاد,male
میكاییل,male
میكائیل,male
میكسا,male
میگل,female
میلا,female
میلاد,male
میلان,male
میلانا,female
میمنت,female
مینا,female
میناز,female
مینو,female
مینوچهر,female
مینورام,female
مینورخ,female
مینوزاد,female
مینوس,male
مینوسرشت,female
مینوش,female
مینووش,female
میهن,female
میهن بانو,female
میهن تاج,female
میهن دخت,female
میهن یار,male
نَستور,male
ناتاشا,female
نادر,male
نادره,female
نادره گفتار,female
نادعلی,male
نادی,female
نادیا,female
نادین,both
نادینوس,male
نادیه,female
ناراین,female
ناربن,female
ناردانا,female
ناردانه,female
ناردخت,female
ناردیس,female
نارسیس,female
نارگل,female
نارگون,female
نارملا,female
نارمیلا,female
نارنج,female
نارو,female
نارون,both
ناریا,female
ناریكا,female
نارین,female
نارینا,female
نارینه,female
ناریه,female
ناز,female
نازان,female
نازانتا,female
نازآفرید,female
نازآفرین,female
نازبانو,female
نازبو,female
نازپرور,female
نازپری,female
نازجهان,female
نازخاتون,female
نازدانه,female
نازدخت,female
نازدلبر,female
نازرخ,female
نازك,female
نازگل,female
نازگوهر,female
نازگیتی,female
نازلی,female
نازمهر,female
نازنوش,female
نازنین,female
نازنین چهر,female
نازنین زهرا,female
نازی,female
نازیاب,female
نازیار,female
نازیتا,female
نازیك,female
نازیلا,female
نازینه,female
ناژین,female
ناشا,male
ناصح الدین,male
ناصر,male
ناصرالدین,male
ناضر,male
ناظم,male
نافه,female
ناكتا,female
نامجو,male
نامدار,male
نامور,male
نامی,male
نانا,female
نانسی,female
نانیسا,female
ناوَرز,male
ناوه,female
ناهید,female
ناهیرا,male
نایب,male
نایریكا,female
نائله,female
نائیریكا,female
نبات,female
نبرزین,male
نبوت,male
نبی,male
نجات,male
نجات الله,male
نجف,male
نجلا,female
نجم,female
نجم الدین,male
نجمه,female
نجوا,female
نجیب,male
نجیب الدین,male
نجیبه,female
نخستین,female
ندا,female
ندیم,male
ندیمه,female
نرجس,female
نرجس,female
نرجس خاتون,female
نرداگشسپ,male
نرسا,female
نرسی,male
نرگس,female
نرمین,female
نریمان,male
نزهت,both
نسا,female
نساك,female
نستار,male
نستر,female
نسترن,female
نستود,male
نستوه,male
نستهین,male
نسرین,female
نسرین مهر,female
نسرین نوش,female
نسیبه,female
نسیم,female
نشاط,male
نشمیل,female
نشواد,male
نصر,male
نصرالدین,male
نصرالله,male
نصرت,both
نصرت الله,male
نصیبه,female
نصیر,male
نصیرا,male
نصیرالدین,male
نضیر,male
نظاره,female
نظام,male
نظام الدین,male
نظام الملك,male
نظرعلی,male
نعمان,male
نعمت,male
نعمت الله,male
نعنا,female
نعناع,female
نعیم,male
نعیم الدین,male
نعیما,male
نغمه,female
نفس,both
نفیسا,female
نفیسه,female
نقدعلی,male
نقره,female
نقی,male
نكوزاد,female
نكویار,female
نكهت,female
نكیسا,both
نگار,female
نگارا,female
نگاربسته,female
نگارشید,female
نگاره,female
نگارین,female
نگاه,female
نگین,female
نگینا,female
نگینه,female
نمایان,male
نوا,both
نواآفرین,female
نواب,male
نوازش,female
نوال,female
نوباوه,female
نوبخت,male
نوبر,female
نوبهار,both
نوتاش,male
نوتریكا,male
نوح,male
نوذر,male
نور,female
نورا,female
نورافشان,female
نورالدین,male
نورالله,male
نوران,female
نوراهان,male
نورآفرین,female
نورسته,female
نوروز,male
نورهان,male
نوری,both
نورین,female
نوریه,female
نوژان,female
نوش,male
نوش آذر,male
نوش آفرید,female
نوش آگین,female
نوش لب,female
نوشا,female
نوشاب,male
نوشابه,female
نوشاد,female
نوشان,female
نوشزاد,both
نوشناز,female
نوشه,female
نوشی,male
نوشیار,male
نوشید,female
نوشیروان,male
نوشین,female
نوشین لب,female
نوشینه,female
نوگل,female
نونا,female
نونهال,female
نویان,male
نوید,male
نوین,male
نهاد,male
نهال,female
نهام,male
نهضت,female
نیاتور,male
نیاز,female
نیاسا,both
نیاسان,male
نیاطوس,male
نیاك,male
نیالا,female
نیان,female
نیاوش,male
نیاوند,male
نیایش,female
نیتا,female
نیر,female
نیرمان,both
نیروانا,female
نیره,female
نیسا,female
نیسان,male
نیشا,female
نیشام,both
نیك,male
نیك اختر,female
نیك آفرید,female
نیك آفرین,female
نیك پی,male
نیك تاج,female
نیك تاش,female
نیك رای,male
نیك رخسار,female
نیك مهر,female
نیكا,both
نیكان,male
نیكاو,male
نیكتا,female
نیكچهر,female
نیكچهره,female
نیكدخت,female
نیكدل,male
نیكرخ,female
نیكروز,male
نیكروی,female
نیكزاد,male
نیكناز,female
نیكنام,male
نیكو,both
نیكو لقا,female
نیكوكار,male
نیكی,both
نیلا,female
نیلاب,female
نیلرام,female
نیلگون,female
نیلوفر,female
نیلیا,female
نیما,male
نیمتاج,female
نینا,female
نیو,male
نیوان,both
نیواندخت,female
نیوتش,male
نیوتیش,male
نیوزاد,male
نیوزار,male
نیوشا,both
نیوشه,female
نیووند,female
نیهاد,male
وَرَهرام,male
وَرد,female
وَسپار,male
وَسنه,male
وَلخش,male
وَهمنش,male
وُهومن,male
واپسین,female
واته,male
واتیار,male
واج,female
واجد,male
واحد,male
وادا,male
وادان,male
وادگان,male
وادی,female
وادیار,male
واران,male
وارتان,male
وارتوش,female
واردان,male
وارسته,both
وارش,male
وارونا,male
واژه,female
واسپور,male
واسپوهر,male
واصف,male
وافی,male
والا,male
واله,female
والی,male
والیه,female
وامق,male
وانان,male
وانتیار,male
وانوش,female
وانوشه,female
وانیار,female
واهب,male
وتار,male
وثوق,male
وجاسب,male
وجیه الله,male
وجیهه,female
وچان,female
وحدانه,female
وحدت,male
وحید,male
وحیدالدین,male
وحیده,female
وخش,male
وخش داد,male
وخشور,male
ودا,female
ودود,male
ودیع,male
وراز,male
ورازبنده,male
ورازپیروز,male
ورازتیرداد,male
ورازمهر,male
ورازنرسی,male
ورتا,female
ورتاج,female
ورجا,female
ورجاوند,male
وردانشاه,male
وردآور,female
وردی,female
وردین,male
ورزا,male
ورزاك,male
ورزان,male
ورزگمهر,male
ورزم,male
ورزمیار,male
ورزیار,male
ورزیر,male
ورساز,male
ورشاد,male
ورشان,female
ورشنگ,male
ورقا,female
ورگر,male
ورگیر,male
ورونیكا,male
وریا,male
وریشه,female
وژاسپ,male
وساك,male
وسپور,male
وسپوهر,male
وستا,both
وستوی,male
وستهم,male
وسمه,female
وسیم,female
وسیمه,female
وش,female
وشان,female
وشمگیر,male
وشن,female
وصال,both
وفا,both
وفا اندیش,male
وفادار,male
وقار,male
ولا,male
ولام,male
ولان,female
ولگا,female
ولی,male
ولی الله,male
ولید,male
ولیداد,male
وناز,female
وندا,both
ونداد,male
ونن,male
ونوس,female
ونوش,female
ونوشه,female
ونون,male
وه آفرید,female
وه آفرین,female
وه پناه,male
وه نوش,female
وه وران,male
وهاب,male
وهار,female
وهامان,male
وهان,female
وهب,male
وهبرز,male
وهرام,male
وهرام شاپور,male
وهرام گشسب,male
وهرو,female
وهزاد,male
وهسود,male
وهشاپور,male
وهشتیه,female
وهمن,male
وهمهر,male
وهنیا,male
وهوگون,female
ویارش,male
ویان,female
ویانا,female
ویدا,female
ویرا,both
ویراب,male
ویرو,female
ویریا,male
ویس,both
ویسپار,male
ویسپرد,male
ویستا,female
ویستور,male
ویستهم,male
ویسه,male
ویشتاسب,male
ویشكا,female
ویكتور,both
ویگن,male
وینا,female
ویناسب,male
ویو,male
ویوات,female
ویوان,male
ویوگ,female
ویولا,female
ویونا,female
ویهان,male
هَخامنش,male
هَردار,male
هَژیر,male
هُرمز,male
هُزوارش,male
هُژبر,male
هُووی,female
هابیل,male
هاتف,male
هاجر,female
هادان,male
هادی,male
هارا,female
هارپارك,male
هارپاك,male
هارون,male
هاشم,male
هاله,female
هامان,male
هامر,male
هامرز,male
هامن,male
هامون,male
هامویه,male
هامی,male
هامین,male
هانه,female
هانی,male
هانیا,female
هانیبال,male
هانیه,female
هاوار,male
هاوش,male
هاون,male
هاونی,male
هاووش,male
هایده,female
هایكا,male
هباسپ,male
هبیةلله,male
هجیر,male
هدا,female
هدایت,male
هدایت الله,male
هدسه,female
هدی,female
هدیه,female
هرانوش,female
هرمان,male
هرمزد,male
هرمزدیار,male
هرمس,male
هرمیس,female
هرمینا,female
هزاره,male
هزبر,male
هستنوه,female
هستی,female
هستیار,male
هشام,male
هفال,male
هفدن,female
هفیان,female
هگبه,female
هلاكو,male
هلاله,female
هلبژارده,male
هلبژیر,male
هلبست,male
هلپرین,female
هلدیر,male
هلكو,male
هلكوت,male
هلگر,male
هلگورد,male
هلما,female
هلمت,male
هلموت,male
هلن,female
هلنا,female
هلنسا,female
هلورین,male
هلیا,female
هلیله,female
هلینا,female
هلیوس,male
هلیون,female
هما,female
هماچهر,female
همافر,female
همام,male
همام الدین,male
هماوند,male
همایون,male
همایون بخت,female
همایون چهر,female
همت,male
همتا,both
همدم,female
همراز,female
همساز,female
همگام,female
همگون,male
همنواد,male
هموند,female
همیشه بهار,female
همیلا,female
هنار,female
هناو,female
هنرمند,male
هنگام,male
هنگامه,female
هنی,male
هنیا,female
هوار,male
هوال,male
هوآفرید,female
هوبَر,male
هوبخت,female
هوپاد,female
هوتَخش,male
هوتس,female
هوتسا,female
هوتك,male
هوتن,male
هوتوس,female
هود,male
هوداد,both
هودسا,female
هوده,female
هودین,male
هور,both
هورا,male
هوراد,male
هوراز,male
هورام,both
هورامان,male
هوران,both
هورآفرین,female
هوربانو,female
هورتاش,female
هورتن,female
هورچهر,female
هورخش,female
هورداد,female
هوردخت,female
هوردیس,female
هوررخ,female
هورزاد,female
هورسان,female
هورشاد,female
هورشید,female
هورفَر,female
هورمز,male
هورمزد,male
هورمك,male
هورمهر,female
هورناز,female
هوروَش,female
هوری,female
هوریار,male
هوزاد,female
هوزان,both
هوژین,female
هوسكر,male
هوشبام,female
هوشمند,male
هوشنگ,male
هوشیار,male
هوشیدر,male
هوفر,both
هوكَرپ,male
هوگر,male
هوگون,female
هولان,male
هوم,male
هومَت,male
هوما,female
هومان,both
هومن,male
هومهر,female
هونام,male
هونیا,female
هونیاك,male
هووَرشت,female
هویار,female
هویدا,both
هیبت,male
هیبت الله,male
هیتاسب,male
هیدی,male
هیدیكا,female
هیرا,male
هیراب,male
هیراد,male
هیران,female
هیربد,male
هیرسا,male
هیرش,male
هیرمند,male
هیرو,male
هیرود,male
هیزان,female
هیژا,male
هیژان,female
هیشنگ,male
هیشوی,male
هیلا,female
هیلان,female
هیلدا,female
هیما,female
هیمن,male
هیمو,female
هیمه,male
هینا,female
هینان,female
هیوا,both
هیوان,female
هیئت,male
یادگار,male
یادمهر,female
یار,male
یارا,male
یارات,female
یارتا,male
یارعلی,male
یارگل,female
یارمحمد,male
یارناز,female
یارنوش,female
یارور,male
یاره,male
یاری,female
یارین,female
یاس,female
یاس رخ,female
یاس گل,female
یاسان,male
یاسر,male
یاسما,female
یاسمن,female
یاسمین,female
یاسمینا,female
یاسین,male
یاسینا,female
یاشا,male
یاشار,male
یاشیل,female
یافا,female
یاقوت,male
یامور,female
یامین,female
یاور,male
یحیی,male
یدالله,male
یرحا,female
یرمیا,male
یزداد,male
یزدان,male
یزدان آفرید,male
یزدان بخت,male
یزدان داد,both
یزدان مهر,male
یزدانشاه,male
یزدانیار,male
یزدجرد,male
یزدگرد,male
یزدیار,male
یسرا,female
یسری,female
یسنا,female
یسنی,female
یعقوب,male
یغما,female
یغماناز,female
یكتا,both
یكمال,female
یكیتی,female
یگانه,female
یلان سینه,male
یلدا,female
یلدوز,female
یمنا,female
یمین الدین,male
ینال,male
یوتاب,female
یوحنا,male
یورام,male
یوزارسیف,male
یوسف,male
یوشع,male
یوشیج,male
یوكابد,female
یولدوز,female
یونا,male
یونس,male
یهودا,male
